Time1,Angle1,Time (s) Run #2,Angle (°) Run #2,Time (s) Run #3,Angle (°) Run #3,Time (s) Run #4,Angle (°) Run #4,Time5,Angle5,Time (s) Run #6,Angle (°) Run #6,Time (s) Run #7,Angle (°) Run #7,Time (s) Run #8,Angle (°) Run #8
4.33,39.06,4.33,1.08,4.33,7.74,4.33,-2.49E-17,4.33,2.79,,,4.33,3.96,4.33,0.27
4.34,39.06,4.34,0.99,4.34,7.74,4.34,-2.49E-17,4.34,2.79,,,4.34,4.05,4.34,-1.8
4.35,39.06,4.35,0.9,4.35,7.74,4.35,-2.49E-17,4.35,2.88,,,4.35,4.14,4.35,-0.9
4.32,38.88,4.32,1.08,4.32,7.74,4.32,-2.49E-17,4.32,2.7,,,4.32,3.87,4.32,2.34
4.36,38.88,4.36,0.81,4.36,7.74,4.36,-2.49E-17,4.36,2.88,,,4.36,4.23,4.36,-0.54
4.31,38.7,4.31,1.17,4.31,7.65,4.31,-2.49E-17,4.31,2.61,,,4.31,3.69,4.31,4.32
4.37,38.7,4.37,0.72,4.37,7.74,4.37,-2.49E-17,4.37,2.7,,,4.37,4.32,4.37,-0.63
4.3,38.34,4.3,1.26,4.3,7.56,4.3,-2.49E-17,4.3,2.52,,,4.3,3.6,4.3,6.39
4.38,38.34,4.38,0.63,4.38,7.65,4.38,-2.49E-17,4.38,2.88,,,4.38,4.41,4.38,-0.36
4.29,37.98,4.29,1.35,4.29,7.47,4.29,-2.49E-17,4.29,2.43,,,4.29,3.51,4.29,8.37
4.39,37.89,4.39,0.54,4.39,7.56,4.39,-2.49E-17,4.39,3.15,,,4.39,4.5,4.39,-0.63
4.28,37.44,4.28,1.44,4.28,7.38,4.28,-2.49E-17,4.28,2.34,,,4.28,3.42,4.28,10.35
4.4,37.35,4.4,0.45,4.4,7.47,4.4,-2.49E-17,4.4,3.33,,,4.4,4.5,4.4,-0.36
4.27,36.9,4.27,1.44,4.27,7.38,4.27,-2.49E-17,4.27,2.16,,,4.27,3.33,4.27,12.24
4.41,36.72,,,4.41,7.38,4.41,-2.49E-17,4.41,3.51,,,4.41,4.59,4.41,-0.45
4.26,36.18,4.26,1.53,4.26,7.11,4.26,-2.49E-17,4.26,2.07,,,4.26,3.24,4.26,14.13
4.42,36.09,,,4.42,7.2,4.42,-2.49E-17,4.42,3.69,,,4.42,4.68,4.42,-0.36
4.25,35.46,4.25,1.53,4.25,6.93,4.25,-2.49E-17,4.25,1.98,,,4.25,3.06,4.25,16.02
4.43,35.28,,,4.43,7.11,4.43,-2.49E-17,4.43,3.78,,,4.43,4.77,4.43,-0.54
4.24,34.65,4.24,1.62,4.24,6.84,4.24,-2.49E-17,4.24,1.71,,,4.24,2.88,4.24,17.91
4.44,34.38,,,4.44,6.84,4.44,-2.49E-17,4.44,3.96,,,4.44,4.77,4.44,-0.45
4.23,33.66,4.23,1.71,4.23,6.66,4.23,-2.49E-17,4.23,1.8,,,4.23,2.7,4.23,19.71
4.45,33.39,,,4.45,6.75,4.45,-2.49E-17,4.45,3.87,,,4.45,4.77,4.45,-0.45
4.22,32.67,4.22,1.71,4.22,6.39,4.22,-2.49E-17,4.22,1.98,,,4.22,2.52,4.22,21.42
4.46,32.4,,,4.46,6.48,4.46,-2.49E-17,4.46,3.87,,,4.46,4.77,4.46,-0.36
4.21,31.59,4.21,1.8,4.21,6.21,4.21,-2.49E-17,4.21,2.07,,,4.21,2.34,4.21,23.13
4.47,31.32,,,4.47,6.3,4.47,-2.49E-17,4.47,3.78,,,4.47,4.77,4.47,-0.27
4.2,30.42,4.2,1.8,4.2,6.03,4.2,-2.49E-17,4.2,2.16,,,4.2,2.07,4.2,24.75
4.48,30.06,,,4.48,6.03,4.48,-2.49E-17,4.48,3.69,,,4.48,4.68,4.48,-0.09
4.19,29.16,4.19,1.8,4.19,5.67,4.19,-2.49E-17,4.19,2.25,,,4.19,1.89,4.19,26.37
4.49,28.8,,,4.49,5.85,4.49,-2.49E-17,4.49,3.69,,,4.49,4.68,4.49,0.09
4.18,27.81,4.18,1.89,4.18,5.4,4.18,-2.49E-17,4.18,2.34,,,4.18,1.62,4.18,27.9
4.5,27.45,,,4.5,5.58,4.5,-2.49E-17,4.5,3.6,,,4.5,4.59,4.5,0.27
4.17,26.46,4.17,1.89,4.17,5.04,4.17,-2.49E-17,4.17,2.25,,,4.17,1.35,4.17,29.34
4.51,26.1,,,4.51,5.31,4.51,-2.49E-17,4.51,3.51,,,4.51,4.5,4.51,0.54
4.16,25.02,4.16,1.89,4.16,4.86,4.16,-2.49E-17,4.16,2.16,,,4.16,1.17,4.16,30.69
4.52,24.57,,,4.52,4.95,4.52,-2.49E-17,4.52,3.42,,,4.52,4.41,4.52,0.63
4.15,23.58,4.15,1.89,4.15,4.59,4.15,-2.49E-17,4.15,2.07,,,4.15,0.99,4.15,31.95
4.53,23.04,,,4.53,4.68,4.53,-2.49E-17,4.53,3.33,,,4.53,4.32,4.53,0.99
4.14,21.96,4.14,1.89,4.14,4.32,4.14,-2.49E-17,4.14,1.89,,,4.14,0.63,4.14,33.21
4.54,21.42,,,4.54,4.41,4.54,-2.49E-17,4.54,3.24,,,4.54,4.23,4.54,1.17
4.13,20.34,4.13,1.89,4.13,3.96,4.13,-2.49E-17,4.13,1.71,,,4.13,0.27,4.13,34.38
4.55,19.8,,,4.55,4.05,4.55,-2.49E-17,4.55,2.97,,,4.55,4.05,4.55,1.44
4.12,18.72,4.12,1.89,4.12,3.51,4.12,-2.49E-17,4.12,1.62,,,4.12,-2.09E-15,4.12,35.46
4.56,18.09,,,4.56,3.78,4.56,-2.49E-17,4.56,2.7,,,4.56,3.96,4.56,1.71
4.11,17.28,4.11,1.89,4.11,3.33,4.11,-2.49E-17,4.11,1.44,,,4.11,-0.27,4.11,36.45
4.57,16.38,,,4.57,3.42,4.57,-2.49E-17,4.57,2.43,,,4.57,3.78,4.57,2.07
4.1,15.39,4.1,1.8,4.1,3.24,4.1,-2.49E-17,4.1,1.35,,,4.1,-0.54,4.1,37.35
4.58,14.58,,,4.58,3.06,4.58,-2.49E-17,4.58,2.16,,,4.58,3.6,4.58,2.25
4.09,13.59,4.09,1.8,4.09,2.79,4.09,-2.49E-17,4.09,1.17,,,4.09,-0.72,4.09,38.16
4.59,12.78,,,4.59,2.7,4.59,-2.49E-17,4.59,1.8,,,4.59,3.42,4.59,2.52
4.08,11.61,4.08,1.8,4.08,2.61,4.08,-2.49E-17,4.08,0.9,,,4.08,-1.08,4.08,38.88
4.6,10.89,,,4.6,2.34,4.6,-2.49E-17,4.6,1.53,,,4.6,3.15,4.6,2.79
4.07,9.54,4.07,1.8,4.07,2.34,4.07,-2.49E-17,4.07,0.54,,,4.07,-1.17,4.07,39.51
4.61,9,,,4.61,1.98,4.61,-2.49E-17,4.61,1.26,,,4.61,2.97,4.61,3.06
4.06,8.19,4.06,1.71,4.06,2.16,4.06,-2.49E-17,4.06,0.09,,,4.06,-0.9,4.06,40.05
4.62,7.11,,,4.62,1.62,4.62,-2.49E-17,4.62,1.08,,,4.62,2.79,4.62,3.24
4.05,6.03,4.05,1.71,4.05,1.89,4.05,-2.49E-17,4.05,-0.36,,,4.05,-0.45,4.05,40.5
4.63,5.13,,,4.63,1.26,4.63,-2.49E-17,4.63,1.17,,,4.63,2.61,4.63,3.51
4.04,3.24,4.04,1.62,4.04,1.62,4.04,-2.49E-17,4.04,-0.72,,,4.04,0.18,4.04,40.86
5.04,3.24,,,5.04,3.6,5.04,0.09,,,,,,,5.04,2.25
5.05,3.24,,,5.05,3.6,5.05,0.09,,,,,,,5.05,1.98
5.06,3.24,,,5.06,3.6,5.06,0.09,,,,,,,5.06,1.71
5.07,3.24,,,5.07,3.6,5.07,0.09,,,,,,,5.07,1.44
5.08,3.24,,,5.08,3.6,5.08,0.09,,,,,,,5.08,1.17
5.09,3.24,,,5.09,3.6,5.09,0.09,,,,,,,5.09,0.81
5.1,3.24,,,5.1,3.6,5.1,0.09,,,,,,,5.1,0.54
5.11,3.24,,,5.11,3.6,5.11,0.09,,,,,,,5.11,0.27
4.64,3.15,,,4.64,0.9,4.64,-2.49E-17,4.64,1.17,,,4.64,2.43,4.64,3.69
5.02,3.15,,,5.02,3.51,5.02,0.09,,,,,,,5.02,2.79
5.03,3.15,,,5.03,3.6,5.03,0.09,,,,,,,5.03,2.52
5.12,3.15,,,5.12,3.6,5.12,0.09,,,,,,,5.12,5.07E-15
5.01,3.06,,,5.01,3.51,5.01,0.09,,,,,,,5.01,2.97
5.13,3.06,,,5.13,3.51,5.13,0.09,,,,,,,5.13,-0.27
5,2.97,,,5,3.42,5,0.09,,,,,,,5,3.24
5.14,2.97,,,5.14,3.51,5.14,0.09,,,,,,,5.14,-0.54
4.99,2.88,,,4.99,3.33,4.99,0.09,,,,,,,4.99,3.51
5.15,2.88,,,5.15,3.42,5.15,0.09,,,,,,,5.15,-0.9
4.98,2.79,,,4.98,3.24,4.98,0.09,,,,,,,4.98,3.69
5.16,2.79,,,5.16,3.33,5.16,0.09,,,,,,,5.16,-1.17
4.97,2.7,,,4.97,3.15,4.97,0.09,,,,,,,4.97,3.96
5.17,2.7,,,5.17,3.24,5.17,0.09,,,,,,,5.17,-1.26
4.96,2.61,,,4.96,3.15,4.96,0.09,,,,,,,4.96,4.14
5.18,2.61,,,5.18,3.15,5.18,0.09,,,,,,,5.18,-1.17
4.95,2.43,,,4.95,3.06,4.95,0.09,,,,,,,4.95,4.32
5.19,2.43,,,5.19,3.06,5.19,0.09,,,,,,,5.19,-0.99
4.94,2.34,,,4.94,2.97,4.94,0.09,,,,,4.94,0.63,4.94,4.5
5.2,2.34,,,5.2,2.97,5.2,0.09,,,,,,,5.2,-0.9
4.93,2.16,,,4.93,2.79,4.93,0.09,,,,,4.93,0.54,4.93,4.68
5.21,2.16,,,5.21,2.88,5.21,0.09,,,,,,,5.21,-0.72
4.92,2.07,,,4.92,2.7,4.92,0.09,,,,,4.92,0.45,4.92,4.86
5.22,2.07,,,5.22,2.79,5.22,0.09,,,,,,,5.22,-0.54
5.23,1.89,,,5.23,2.61,5.23,0.09,,,,,,,5.23,-0.36
4.91,1.8,,,4.91,2.61,4.91,0.09,,,,,4.91,0.36,4.91,5.04
4.9,1.71,,,4.9,2.43,4.9,-2.49E-17,,,,,4.9,0.27,4.9,5.13
5.24,1.71,,,5.24,2.52,5.24,0.09,,,,,,,5.24,-0.27
4.89,1.53,,,4.89,2.34,4.89,-2.49E-17,,,,,4.89,0.18,4.89,5.31
5.81,1.53,,,,,5.81,33.75,,,,,,,,
5.82,1.53,,,,,5.82,32.85,,,,,,,,
5.83,1.53,,,,,5.83,31.95,,,,,,,,
5.84,1.53,,,,,5.84,30.96,,,,,,,,
5.85,1.53,,,,,5.85,29.88,,,,,,,,
5.86,1.53,,,,,5.86,28.71,,,,,,,,
5.87,1.53,,,,,5.87,27.54,,,,,,,,
5.88,1.53,,,,,5.88,26.37,,,,,,,,
5.25,1.44,,,5.25,2.34,5.25,-2.49E-17,,,,,,,5.25,-0.09
5.78,1.44,,,,,5.78,35.82,,,,,,,,
5.79,1.44,,,,,5.79,35.19,,,,,,,,
5.8,1.44,,,,,5.8,34.56,,,,,,,,
5.89,1.44,,,,,5.89,25.11,,,,,,,,
5.9,1.44,,,,,5.9,23.76,,,,,,,,
4.88,1.35,,,4.88,2.16,4.88,-2.49E-17,,,,,4.88,0.09,4.88,5.4
5.26,1.35,,,5.26,2.25,5.26,-2.49E-17,,,,,,,5.26,0.09
5.76,1.35,,,,,5.76,36.81,,,,,,,,
5.77,1.35,,,,,5.77,36.36,,,,,,,,
5.91,1.35,,,,,5.91,22.41,,,,,,,,
5.92,1.35,,,,,5.92,20.88,,,,,,,,
5.75,1.26,,,,,5.75,37.08,,,,,,,,
5.93,1.26,,,,,5.93,19.35,,,,,,,,
4.65,1.17,,,4.65,0.54,4.65,-2.49E-17,4.65,1.08,,,4.65,2.25,4.65,3.96
4.87,1.17,,,4.87,2.07,4.87,-2.49E-17,,,,,4.87,-0.09,4.87,5.49
5.27,1.17,,,5.27,2.07,5.27,-2.49E-17,,,,,,,5.27,0.18
5.73,1.17,,,,,5.73,37.62,,,,,,,,
5.74,1.17,,,,,5.74,37.44,,,,,,,,
5.94,1.17,,,,,5.94,17.73,,,,,,,,
5.72,1.08,,,,,5.72,37.89,,,,,,,,
5.95,1.08,,,,,5.95,16.11,,,,,,,,
4.86,0.99,,,4.86,1.89,4.86,-2.49E-17,,,,,4.86,-0.18,4.86,5.49
5.28,0.99,,,5.28,1.98,5.28,-2.49E-17,,,,,,,5.28,0.36
5.71,0.99,,,,,5.71,37.98,,,,,,,,
5.96,0.99,,,,,5.96,14.49,,,,,,,,
5.97,0.99,,,,,5.97,12.69,,,,,,,,
5.7,0.9,,,,,5.7,37.98,,,,,,,,
5.98,0.9,,,,,5.98,10.98,,,,,,,,
5.69,0.81,,,,,5.69,37.89,,,,,,,,
4.85,0.72,,,4.85,1.71,4.85,-2.49E-17,,,,,4.85,-0.27,4.85,5.58
5.29,0.72,,,5.29,1.8,5.29,-2.49E-17,,,,,,,5.29,0.54
5.68,0.72,,,,,5.68,37.71,,,,,,,,
5.99,0.72,,,,,5.99,9.18,,,,,,,,
4.84,0.63,,,4.84,1.62,4.84,-2.49E-17,,,,,4.84,-0.36,4.84,5.67
5.67,0.63,,,,,5.67,37.35,,,,,,,,
6,0.63,,,,,6,7.38,,,,,,,,
4.03,0.54,4.03,1.62,4.03,1.26,4.03,-2.49E-17,4.03,-1.08,,,4.03,0.81,4.03,41.13
5.3,0.54,,,5.3,1.62,5.3,-2.49E-17,,,,,,,5.3,0.63
6.01,0.54,,,,,6.01,5.58,,,,,,,,
5.66,0.45,,,,,5.66,36.99,,,,,,,,
6.02,0.45,,,,,6.02,3.69,,,,,,,,
4.83,0.36,,,4.83,1.44,4.83,-2.49E-17,,,,,4.83,-0.54,4.83,5.67
5.31,0.36,,,5.31,1.44,5.31,-2.49E-17,,,,,,,5.31,0.81
5.65,0.36,,,,,5.65,36.45,,,,,,,,
5.64,0.27,,,,,5.64,35.82,,,,,,,,
4.82,0.18,,,4.82,1.26,4.82,-2.49E-17,,,,,4.82,-0.63,4.82,5.67
5.63,0.18,,,,,5.63,35.19,,,,,,,,
5.32,0.09,,,5.32,1.35,5.32,-2.49E-17,,,,,,,5.32,0.99
5.62,3.24E-15,,,,,5.62,34.38,,,,,,,,
1.24,1.74E-16,1.24,0,1.24,0.09,1.24,-2.49E-17,1.24,-0.09,1.24,0,1.24,0,1.24,0
1.25,1.74E-16,1.25,0,1.25,-2.49E-17,1.25,-2.49E-17,1.25,-0.09,1.25,0,1.25,0,1.25,0
1.26,1.74E-16,1.26,0,1.26,-2.49E-17,1.26,-2.49E-17,1.26,-0.09,1.26,0,1.26,0,1.26,0
1.27,1.74E-16,1.27,0,1.27,-2.49E-17,1.27,-2.49E-17,1.27,-0.09,1.27,0,1.27,0,1.27,0
1.28,1.74E-16,1.28,0,1.28,-2.49E-17,1.28,-2.49E-17,1.28,-0.09,1.28,0,1.28,0,1.28,0
1.29,1.74E-16,1.29,0,1.29,-2.49E-17,1.29,-2.49E-17,1.29,-0.09,1.29,0,1.29,0,1.29,0
1.3,1.74E-16,1.3,0,1.3,-2.49E-17,1.3,-2.49E-17,1.3,-0.09,1.3,0,1.3,0,1.3,0
1.31,1.74E-16,1.31,0,1.31,-2.49E-17,1.31,-2.49E-17,1.31,-0.09,1.31,0,1.31,0,1.31,0
1.32,1.74E-16,1.32,0,1.32,-2.49E-17,1.32,-2.49E-17,1.32,-0.09,1.32,0,1.32,0,1.32,0
1.33,1.74E-16,1.33,0,1.33,-2.49E-17,1.33,-2.49E-17,1.33,-0.09,1.33,0,1.33,0,1.33,0
1.34,1.74E-16,1.34,0,1.34,-2.49E-17,1.34,-2.49E-17,1.34,-0.09,1.34,0,1.34,0,1.34,0
0,0,0,0,0,0,0,0,0,0,0,0,0,0,0,0
0.01,0,0.01,0,0.01,0,0.01,0,0.01,0,0.01,0,0.01,0,0.01,0
0.02,0,0.02,0,0.02,0,0.02,0,0.02,0,0.02,0,0.02,0,0.02,0
0.03,0,0.03,0,0.03,0,0.03,0.09,0.03,0,0.03,0,0.03,0,0.03,0
0.04,0,0.04,0,0.04,0,0.04,0.09,0.04,0,0.04,0,0.04,0,0.04,0
0.05,0,0.05,0,0.05,0,0.05,0.09,0.05,0,0.05,0,0.05,0,0.05,0
0.06,0,0.06,0,0.06,0,0.06,0.09,0.06,0,0.06,0,0.06,0,0.06,0
0.07,0,0.07,0,0.07,0,0.07,0.09,0.07,0,0.07,0,0.07,0,0.07,0
0.08,0,0.08,0,0.08,0,0.08,0.09,0.08,0,0.08,0,0.08,0,0.08,0
0.09,-0.09,0.09,0,0.09,0,0.09,0.09,0.09,0,0.09,0,0.09,0,0.09,0
0.1,-0.09,0.1,0,0.1,0,0.1,0.18,0.1,0,0.1,0,0.1,0,0.1,0
0.11,-0.09,0.11,0,0.11,0,0.11,0.18,0.11,0,0.11,0,0.11,0,0.11,0
0.12,-0.09,0.12,0,0.12,0,0.12,0.18,0.12,0,0.12,0,0.12,0,0.12,0
1.18,-0.09,1.18,0,1.18,0.09,1.18,-2.49E-17,1.18,-0.09,1.18,0,1.18,0,1.18,0
1.19,-0.09,1.19,0,1.19,0.09,1.19,-2.49E-17,1.19,-0.09,1.19,0,1.19,0,1.19,0
1.2,-0.09,1.2,0,1.2,0.09,1.2,-2.49E-17,1.2,-0.09,1.2,0,1.2,0,1.2,0
1.21,-0.09,1.21,0,1.21,0.09,1.21,-2.49E-17,1.21,-0.09,1.21,0,1.21,0,1.21,0
1.22,-0.09,1.22,0,1.22,0.09,1.22,-2.49E-17,1.22,-0.09,1.22,0,1.22,0,1.22,0
1.23,-0.09,1.23,0,1.23,0.09,1.23,-2.49E-17,1.23,-0.09,1.23,0,1.23,0,1.23,0
1.35,-0.09,1.35,0,1.35,-2.49E-17,1.35,-2.49E-17,1.35,-0.09,1.35,0,1.35,0,1.35,0
1.36,-0.09,1.36,0,1.36,-2.49E-17,1.36,-2.49E-17,1.36,-0.09,1.36,0,1.36,0,1.36,0
1.37,-0.09,1.37,0,1.37,-2.49E-17,1.37,-2.49E-17,1.37,-0.09,1.37,0,1.37,0,1.37,0
1.38,-0.09,1.38,0,1.38,-2.49E-17,1.38,-2.49E-17,1.38,-0.09,1.38,0,1.38,0,1.38,0
1.39,-0.09,1.39,0,1.39,-2.49E-17,1.39,-2.49E-17,1.39,-0.09,1.39,0,1.39,0,1.39,0
2.45,-0.09,2.45,5.4,2.45,0.09,2.45,0.09,2.45,-0.09,2.45,36.45,2.45,0,2.45,0
2.46,-0.09,2.46,5.49,2.46,0.09,2.46,0.09,2.46,-0.09,2.46,35.37,2.46,0,2.46,0
2.47,-0.09,2.47,5.67,2.47,0.09,2.47,0.09,2.47,-0.09,2.47,34.29,2.47,0,2.47,0
2.48,-0.09,2.48,5.76,2.48,0.09,2.48,0.09,2.48,-0.09,2.48,33.12,2.48,0,2.48,0
2.49,-0.09,2.49,5.85,2.49,0.09,2.49,0.09,2.49,-0.09,2.49,31.86,2.49,0,2.49,0
2.5,-0.09,2.5,5.94,2.5,0.09,2.5,0.09,2.5,-0.09,2.5,30.6,2.5,0,2.5,0
2.51,-0.09,2.51,5.94,2.51,-2.49E-17,2.51,0.09,2.51,-0.09,2.51,29.16,2.51,0,2.51,0
2.52,-0.09,2.52,5.94,2.52,-2.49E-17,2.52,0.09,2.52,-0.09,2.52,27.72,2.52,0,2.52,0
2.53,-0.09,2.53,6.03,2.53,-2.49E-17,2.53,0.09,2.53,-0.09,2.53,26.19,2.53,0,2.53,0
2.54,-0.09,2.54,6.03,2.54,-2.49E-17,2.54,0.09,2.54,-0.09,2.54,24.57,2.54,0,2.54,0
2.55,-0.09,2.55,6.03,2.55,-2.49E-17,2.55,0.09,2.55,-0.09,2.55,22.86,2.55,0,2.55,0
2.56,-0.09,2.56,6.03,2.56,-2.49E-17,2.56,0.09,2.56,-0.09,2.56,21.15,2.56,0,2.56,0
2.57,-0.09,2.57,5.94,2.57,-2.49E-17,2.57,0.09,2.57,-0.09,2.57,19.44,2.57,0,2.57,0
2.58,-0.09,2.58,5.94,2.58,-2.49E-17,2.58,0.09,2.58,-0.09,2.58,17.64,2.58,0,2.58,0
2.59,-0.09,2.59,5.85,2.59,-2.49E-17,2.59,0.09,2.59,-0.09,2.59,15.75,2.59,0,2.59,0
2.6,-0.09,2.6,5.76,2.6,-2.49E-17,2.6,0.09,2.6,-0.09,2.6,13.86,2.6,0,2.6,0
2.61,-0.09,2.61,5.67,2.61,-2.49E-17,2.61,0.09,2.61,0,2.61,11.97,2.61,0,2.61,0
2.62,-0.09,2.62,5.58,2.62,-2.49E-17,2.62,0.09,2.62,-0.09,2.62,9.99,2.62,0,2.62,0
2.63,-0.09,2.63,5.49,2.63,-2.49E-17,2.63,0.09,2.63,-0.18,2.63,8.01,2.63,0,2.63,0
3.72,-0.09,3.72,-0.99,3.72,34.47,3.72,0.09,3.72,4.59,,,3.72,10.62,3.72,7.47
3.73,-0.09,3.73,-0.9,3.73,33.66,3.73,0.09,3.73,5.04,,,3.73,10.62,3.73,9.63
3.74,-0.09,3.74,-0.81,3.74,32.76,3.74,0.09,3.74,5.22,,,3.74,10.62,3.74,11.52
3.75,-0.09,3.75,-0.72,3.75,31.86,3.75,0.09,3.75,5.49,,,3.75,10.62,3.75,13.32
3.76,-0.09,3.76,-0.63,3.76,30.87,3.76,0.09,3.76,5.49,,,3.76,10.44,3.76,15.12
3.77,-0.09,3.77,-0.54,3.77,29.7,3.77,0.09,3.77,5.31,,,3.77,10.26,3.77,17.1
3.78,-0.09,3.78,-0.45,3.78,28.53,3.78,0.09,3.78,5.13,,,3.78,9.9,3.78,19.08
3.79,-0.09,3.79,-0.36,3.79,27.36,3.79,0.09,3.79,4.95,,,3.79,9.72,3.79,20.88
3.8,-0.09,3.8,-0.27,3.8,26.01,3.8,0.09,3.8,4.77,,,3.8,9.54,3.8,22.59
3.81,-0.09,3.81,-0.18,3.81,24.66,3.81,0.09,3.81,4.59,,,3.81,9.27,3.81,24.12
3.82,-0.09,3.82,5.14E-15,3.82,23.22,3.82,0.09,3.82,4.41,,,3.82,9.09,3.82,25.74
3.83,-0.09,3.83,0.09,3.83,21.69,3.83,0.09,3.83,4.23,,,3.83,8.82,3.83,27.27
3.84,-0.09,3.84,0.18,3.84,20.16,3.84,0.09,3.84,3.96,,,3.84,8.55,3.84,28.71
3.85,-0.09,3.85,0.27,3.85,18.63,3.85,0.09,3.85,3.69,,,3.85,8.28,3.85,30.15
3.86,-0.09,3.86,0.36,3.86,16.92,3.86,0.09,3.86,3.15,,,3.86,8.01,3.86,31.41
3.87,-0.09,3.87,0.45,3.87,15.3,3.87,0.09,3.87,2.52,,,3.87,7.65,3.87,32.67
3.88,-0.09,3.88,0.54,3.88,13.59,3.88,0.09,3.88,1.98,,,3.88,7.29,3.88,33.84
4.81,-0.09,,,4.81,1.08,4.81,-2.49E-17,4.81,-0.99,,,4.81,-0.81,4.81,5.67
5.33,-0.09,,,5.33,1.17,5.33,-2.49E-17,,,,,,,5.33,1.08
5.61,-0.09,,,,,5.61,33.57,,,,,,,,
0.13,-0.18,0.13,0,0.13,0,0.13,0.18,0.13,0,0.13,0,0.13,0,0.13,0
0.14,-0.18,0.14,0,0.14,0,0.14,0.18,0.14,0,0.14,0,0.14,0,0.14,0
0.15,-0.18,0.15,0,0.15,0,0.15,0.18,0.15,0,0.15,0,0.15,0,0.15,0
0.16,-0.18,0.16,0,0.16,0,0.16,0.18,0.16,0,0.16,0,0.16,0,0.16,0
1.15,-0.18,1.15,0,1.15,0.18,1.15,-2.49E-17,1.15,-0.09,1.15,0,1.15,0,1.15,0
1.16,-0.18,1.16,0,1.16,0.18,1.16,-2.49E-17,1.16,-0.09,1.16,0,1.16,0,1.16,0
1.17,-0.18,1.17,0,1.17,0.09,1.17,-2.49E-17,1.17,-0.09,1.17,0,1.17,0,1.17,0
1.4,-0.18,1.4,0,1.4,-2.49E-17,1.4,-2.49E-17,1.4,-0.09,1.4,0,1.4,0,1.4,0
1.41,-0.18,1.41,0,1.41,-2.49E-17,1.41,-2.49E-17,1.41,-0.09,1.41,0,1.41,0,1.41,0
1.42,-0.18,1.42,0,1.42,-2.49E-17,1.42,-2.49E-17,1.42,-0.09,1.42,0,1.42,0,1.42,0
2.42,-0.18,2.42,4.95,2.42,0.09,2.42,0.09,2.42,-0.09,2.42,38.97,2.42,0,2.42,0
2.43,-0.18,2.43,5.13,2.43,0.09,2.43,0.09,2.43,-0.09,2.43,38.25,2.43,0,2.43,0
2.44,-0.18,2.44,5.31,2.44,0.09,2.44,0.09,2.44,-0.09,2.44,37.35,2.44,0,2.44,0
2.64,-0.18,2.64,5.31,2.64,-2.49E-17,2.64,0.09,2.64,2.52,2.64,6.03,2.64,0,2.64,0
2.65,-0.18,2.65,5.13,2.65,-2.49E-17,2.65,0.09,2.65,4.41,2.65,3.96,2.65,0,2.65,0
2.66,-0.18,2.66,5.04,2.66,-2.49E-17,2.66,0.09,2.66,6.48,2.66,1.98,2.66,0,2.66,0
3.68,-0.18,3.68,-1.08,3.68,36.72,3.68,0.09,3.68,5.58,,,3.68,10.35,3.68,0
3.69,-0.18,3.69,-1.17,3.69,36.27,3.69,0.09,3.69,5.49,,,3.69,10.44,3.69,2.7
3.7,-0.18,3.7,-1.17,3.7,35.82,3.7,0.09,3.7,5.31,,,3.7,10.53,3.7,3.96
3.71,-0.18,3.71,-1.08,3.71,35.19,3.71,0.09,3.71,5.04,,,3.71,10.62,3.71,5.31
3.89,-0.18,3.89,0.63,3.89,11.79,3.89,0.09,3.89,1.26,,,3.89,7.02,3.89,35.01
3.9,-0.18,3.9,0.72,3.9,10.08,3.9,0.09,3.9,1.35,,,3.9,6.75,3.9,36
3.91,-0.18,3.91,0.81,3.91,8.28,3.91,0.09,3.91,1.08,,,3.91,6.48,3.91,36.9
3.92,-0.18,3.92,0.9,3.92,6.48,3.92,0.09,3.92,0.9,,,3.92,6.12,3.92,37.71
0.17,-0.27,0.17,0,0.17,0,0.17,0.18,0.17,0,0.17,0,0.17,0,0.17,0
0.18,-0.27,0.18,0,0.18,-0.09,0.18,0.27,0.18,-0.09,0.18,0.09,0.18,0,0.18,0
1.12,-0.27,1.12,0,1.12,0.18,1.12,-2.49E-17,1.12,-0.09,1.12,0,1.12,0,1.12,-0.09
1.13,-0.27,1.13,0,1.13,0.18,1.13,-2.49E-17,1.13,-0.09,1.13,0,1.13,0,1.13,0
1.14,-0.27,1.14,0,1.14,0.18,1.14,-2.49E-17,1.14,-0.09,1.14,0,1.14,0,1.14,0
1.43,-0.27,1.43,0,1.43,-2.49E-17,1.43,-2.49E-17,1.43,-0.09,1.43,0.09,1.43,0,1.43,0
1.44,-0.27,1.44,0,1.44,-2.49E-17,1.44,-2.49E-17,1.44,-0.09,1.44,0.09,1.44,0,1.44,0
2.39,-0.27,2.39,4.41,2.39,0.18,2.39,0.09,2.39,-0.09,2.39,40.68,2.39,0,2.39,-0.09
2.4,-0.27,2.4,4.59,2.4,0.18,2.4,0.09,2.4,-0.09,2.4,40.23,2.4,0,2.4,-0.09
2.41,-0.27,2.41,4.77,2.41,0.18,2.41,0.09,2.41,-0.09,2.41,39.6,2.41,0,2.41,-0.09
2.67,-0.27,2.67,4.86,2.67,-2.49E-17,2.67,0.09,2.67,8.91,2.67,1.19E-14,2.67,0,2.67,0
2.68,-0.27,2.68,4.68,2.68,-2.49E-17,2.68,0.09,2.68,10.8,2.68,-0.72,2.68,0,2.68,0
2.69,-0.27,2.69,4.41,2.69,-2.49E-17,2.69,0.09,2.69,12.51,2.69,-0.72,2.69,0,2.69,0
3.65,-0.27,3.65,-0.72,3.65,37.71,3.65,0.09,3.65,5.58,,,3.65,9.54,3.65,-0.09
3.66,-0.27,3.66,-0.81,3.66,37.44,3.66,0.09,3.66,5.58,,,3.66,9.99,3.66,0
3.67,-0.27,3.67,-0.99,3.67,37.17,3.67,0.09,3.67,5.58,,,3.67,10.17,3.67,-0.09
3.93,-0.27,3.93,0.99,3.93,4.68,3.93,0.09,3.93,0.81,,,3.93,5.76,3.93,38.52
3.94,-0.27,3.94,1.08,3.94,2.88,3.94,0.09,3.94,0.63,,,3.94,5.31,3.94,39.24
5.6,-0.27,,,,,5.6,32.58,,,,,,,,
0.19,-0.36,0.19,0,0.19,-0.09,0.19,0.27,0.19,-0.09,0.19,0.09,0.19,0,0.19,0
0.2,-0.36,0.2,0,0.2,-0.09,0.2,0.27,0.2,-0.09,0.2,0.09,0.2,0,0.2,0
1.1,-0.36,1.1,0,1.1,0.18,1.1,-2.49E-17,1.1,-0.09,1.1,0,1.1,0,1.1,-0.09
1.11,-0.36,1.11,0,1.11,0.18,1.11,-2.49E-17,1.11,-0.09,1.11,0,1.11,0,1.11,-0.09
1.45,-0.36,1.45,0,1.45,-2.49E-17,1.45,-2.49E-17,1.45,-0.09,1.45,0.09,1.45,0,1.45,0
1.46,-0.36,1.46,0,1.46,-2.49E-17,1.46,-2.49E-17,1.46,-0.09,1.46,0.09,1.46,0,1.46,0
2.37,-0.36,2.37,3.96,2.37,0.18,2.37,0.09,2.37,-0.09,2.37,41.4,2.37,0,2.37,-0.09
2.38,-0.36,2.38,4.14,2.38,0.18,2.38,0.09,2.38,-0.09,2.38,41.13,2.38,0,2.38,-0.09
2.7,-0.36,2.7,4.23,2.7,-2.49E-17,2.7,0.09,2.7,14.4,2.7,-0.36,2.7,0.09,2.7,0
2.71,-0.36,2.71,3.96,2.71,-2.49E-17,2.71,0.09,2.71,16.29,2.71,-0.27,2.71,0,2.71,-0.09
3.63,-0.36,3.63,-0.36,3.63,37.8,3.63,0.09,3.63,5.4,,,3.63,8.91,3.63,-0.09
3.64,-0.36,3.64,-0.54,3.64,37.8,3.64,0.09,3.64,5.49,,,3.64,9.27,3.64,-0.09
3.95,-0.36,3.95,1.08,3.95,0.99,3.95,0.09,3.95,0.36,,,3.95,4.86,3.95,39.78
3.96,-0.36,3.96,1.17,3.96,-0.81,3.96,0.09,3.96,0.18,,,3.96,4.41,3.96,40.32
3.97,-0.36,3.97,1.26,3.97,-0.36,3.97,0.09,3.97,-0.09,,,3.97,3.96,3.97,40.68
4.8,-0.36,,,4.8,0.99,4.8,-2.49E-17,4.8,-1.08,,,4.8,-0.81,4.8,5.67
5.34,-0.36,,,5.34,0.99,5.34,-2.49E-17,,,,,,,5.34,1.26
5.59,-0.36,,,,,5.59,31.5,,,,,,,,
0.21,-0.45,0.21,0,0.21,-0.09,0.21,0.27,0.21,-0.09,0.21,0.09,0.21,0,0.21,0
0.22,-0.45,0.22,0,0.22,-0.09,0.22,0.27,0.22,-0.09,0.22,0.09,0.22,0,0.22,-0.09
1.08,-0.45,1.08,0,1.08,0.18,1.08,-2.49E-17,1.08,-0.09,1.08,0,1.08,0,1.08,-0.09
1.09,-0.45,1.09,0,1.09,0.18,1.09,-2.49E-17,1.09,-0.09,1.09,0,1.09,0,1.09,-0.09
1.47,-0.45,1.47,0,1.47,-2.49E-17,1.47,-2.49E-17,1.47,-0.09,1.47,0.09,1.47,0,1.47,-0.09
1.48,-0.45,1.48,3.15,1.48,-2.49E-17,1.48,-2.49E-17,1.48,-0.09,1.48,0.09,1.48,0,1.48,-0.09
1.49,-0.45,1.49,4.5,1.49,-2.49E-17,1.49,-2.49E-17,1.49,-0.09,1.49,0.09,1.49,0,1.49,-0.09
2.34,-0.45,2.34,3.24,2.34,0.18,2.34,0.09,2.34,-0.09,2.34,41.67,2.34,0,2.34,-0.09
2.35,-0.45,2.35,3.51,2.35,0.18,2.35,0.09,2.35,-0.09,2.35,41.67,2.35,0,2.35,-0.09
2.36,-0.45,2.36,3.69,2.36,0.18,2.36,0.09,2.36,-0.09,2.36,41.58,2.36,0,2.36,-0.09
2.72,-0.45,2.72,3.78,2.72,-2.49E-17,2.72,0.09,2.72,17.91,2.72,1.19E-14,2.72,0,2.72,-0.09
2.73,-0.45,2.73,3.51,2.73,-2.49E-17,2.73,0.09,2.73,19.71,2.73,0.18,2.73,2.16,2.73,-0.09
2.74,-0.45,2.74,3.24,2.74,-2.49E-17,2.74,0.09,2.74,21.51,2.74,0.27,2.74,5.22,2.74,-0.09
3.6,-0.45,3.6,0.09,3.6,37.44,3.6,-2.49E-17,3.6,4.86,3.6,1.89,3.6,8.1,3.6,-0.09
3.61,-0.45,3.61,-0.09,3.61,37.62,3.61,0.09,3.61,5.04,3.61,1.98,3.61,8.37,3.61,-0.09
3.62,-0.45,3.62,-0.27,3.62,37.71,3.62,0.09,3.62,5.13,,,3.62,8.73,3.62,-0.09
3.98,-0.45,3.98,1.35,3.98,-0.09,3.98,0.09,3.98,-0.36,,,3.98,3.42,3.98,41.04
3.99,-0.45,3.99,1.44,3.99,-0.09,3.99,0.09,3.99,-0.54,,,3.99,2.97,3.99,41.22
4,-0.45,4,1.44,4,0.27,4,0.09,4,-0.99,,,4,2.43,4,41.31
0.23,-0.54,0.23,0,0.23,-0.09,0.23,0.27,0.23,-0.09,0.23,0.09,0.23,0,0.23,-0.09
0.24,-0.54,0.24,0,0.24,-0.09,0.24,0.27,0.24,-0.09,0.24,0.09,0.24,0,0.24,-0.09
0.25,-0.54,0.25,0,0.25,-0.09,0.25,0.27,0.25,-0.09,0.25,0.09,0.25,0,0.25,-0.09
1.06,-0.54,1.06,0,1.06,0.27,1.06,-2.49E-17,1.06,-0.09,1.06,0.09,1.06,0,1.06,-0.09
1.07,-0.54,1.07,0,1.07,0.18,1.07,-2.49E-17,1.07,-0.09,1.07,0,1.07,0,1.07,-0.09
1.5,-0.54,1.5,6.21,1.5,-2.49E-17,1.5,0.09,1.5,-0.09,1.5,0.09,1.5,0,1.5,-0.09
1.51,-0.54,1.51,8.01,1.51,-2.49E-17,1.51,0.09,1.51,-0.09,1.51,0.09,1.51,0,1.51,-0.09
2.32,-0.54,2.32,2.7,2.32,0.18,2.32,0.09,2.32,-0.09,2.32,41.4,2.32,0,2.32,-0.09
2.33,-0.54,2.33,2.97,2.33,0.18,2.33,0.09,2.33,-0.09,2.33,41.58,2.33,0,2.33,-0.09
2.75,-0.54,2.75,2.97,2.75,-2.49E-17,2.75,0.09,2.75,23.13,2.75,0.63,2.75,6.75,2.75,-0.09
2.76,-0.54,2.76,2.7,2.76,-2.49E-17,2.76,-2.49E-17,2.76,24.75,2.76,0.72,2.76,8.73,2.76,-0.09
3.58,-0.54,3.58,0.36,3.58,36.81,3.58,-2.49E-17,3.58,5.58,3.58,1.62,3.58,7.47,3.58,-0.09
3.59,-0.54,3.59,0.18,3.59,37.17,3.59,-2.49E-17,3.59,5.22,3.59,1.71,3.59,7.74,3.59,-0.09
4.01,-0.54,4.01,1.53,4.01,0.63,4.01,-2.49E-17,4.01,-1.08,,,4.01,1.98,4.01,41.31
4.02,-0.54,4.02,1.53,4.02,0.99,4.02,-2.49E-17,4.02,-1.35,,,4.02,1.44,4.02,41.31
4.79,-0.54,,,4.79,0.81,4.79,-2.49E-17,4.79,-1.08,,,4.79,-0.72,4.79,5.67
5.35,-0.54,,,5.35,0.81,5.35,-2.49E-17,,,,,,,5.35,1.35
5.58,-0.54,,,,,5.58,30.42,,,,,,,,
0.26,-0.63,0.26,0,0.26,-0.09,0.26,0.27,0.26,-0.09,0.26,0.09,0.26,0,0.26,-0.09
1.04,-0.63,1.04,0,1.04,0.27,1.04,-2.49E-17,1.04,-0.09,1.04,0.09,1.04,0,1.04,-0.09
1.05,-0.63,1.05,0,1.05,0.27,1.05,-2.49E-17,1.05,-0.09,1.05,0.09,1.05,0,1.05,-0.09
1.52,-0.63,1.52,9.54,1.52,-2.49E-17,1.52,0.09,1.52,-0.09,1.52,0.09,1.52,0,1.52,-0.09
2.3,-0.63,2.3,2.25,2.3,0.27,2.3,0.09,2.3,-0.09,2.3,40.77,2.3,0,2.3,-0.09
2.31,-0.63,2.31,2.43,2.31,0.27,2.31,0.09,2.31,-0.09,2.31,41.13,2.31,0,2.31,-0.09
2.77,-0.63,2.77,2.43,2.77,-2.49E-17,2.77,-2.49E-17,2.77,26.37,2.77,0.9,2.77,9.99,2.77,-0.09
2.78,-0.63,2.78,2.16,2.78,-2.49E-17,2.78,-2.49E-17,2.78,27.72,2.78,1.08,2.78,12.51,2.78,-0.09
3.56,-0.63,3.56,0.72,3.56,35.73,3.56,-2.49E-17,3.56,6.03,3.56,1.26,3.56,6.75,3.56,-0.09
3.57,-0.63,3.57,0.54,3.57,36.27,3.57,-2.49E-17,3.57,6.03,3.57,1.44,3.57,7.11,3.57,-0.09
0.27,-0.72,0.27,0,0.27,-0.09,0.27,0.27,0.27,-0.09,0.27,0.09,0.27,0,0.27,-0.09
0.28,-0.72,0.28,0,0.28,-0.09,0.28,0.27,0.28,-0.09,0.28,0.09,0.28,0,0.28,-0.09
1.02,-0.72,1.02,0,1.02,0.27,1.02,-2.49E-17,1.02,-0.09,1.02,0.09,1.02,0,1.02,-0.09
1.03,-0.72,1.03,0,1.03,0.27,1.03,-2.49E-17,1.03,-0.09,1.03,0.09,1.03,0,1.03,-0.09
1.53,-0.72,1.53,11.79,1.53,-2.49E-17,1.53,0.09,1.53,-0.09,1.53,0.09,1.53,0,1.53,-0.09
1.54,-0.72,1.54,13.5,1.54,-2.49E-17,1.54,0.09,1.54,-0.09,1.54,0.09,1.54,0,1.54,-0.09
2.28,-0.72,2.28,1.53,2.28,0.27,2.28,0.09,2.28,-0.09,2.28,39.78,2.28,0,2.28,-0.09
2.29,-0.72,2.29,1.89,2.29,0.27,2.29,0.09,2.29,-0.09,2.29,40.32,2.29,0,2.29,-0.09
2.79,-0.72,2.79,1.89,2.79,-2.49E-17,2.79,-2.49E-17,2.79,29.25,2.79,1.44,2.79,14.22,2.79,-0.09
2.8,-0.72,2.8,1.62,2.8,-2.49E-17,2.8,-2.49E-17,2.8,30.87,2.8,1.71,2.8,15.93,2.8,-0.09
3.54,-0.72,3.54,0.99,3.54,34.38,3.54,-2.49E-17,3.54,5.76,3.54,0.99,3.54,6.12,3.54,-0.09
3.55,-0.72,3.55,0.81,3.55,35.1,3.55,-2.49E-17,3.55,5.94,3.55,1.08,3.55,6.39,3.55,-0.09
5.36,-0.72,,,5.36,0.63,5.36,-2.49E-17,,,,,,,5.36,1.53
5.57,-0.72,,,5.57,0.18,5.57,29.25,,,,,,,,
0.29,-0.81,0.29,0,0.29,-0.09,0.29,0.27,0.29,-0.09,0.29,0.09,0.29,0,0.29,-0.09
0.3,-0.81,0.3,0,0.3,-0.09,0.3,0.27,0.3,-0.09,0.3,0.09,0.3,0,0.3,-0.09
1,-0.81,1,0,1,0.27,1,-2.49E-17,1,-0.09,1,0.09,1,0,1,-0.09
1.01,-0.81,1.01,0,1.01,0.27,1.01,-2.49E-17,1.01,-0.09,1.01,0.09,1.01,0,1.01,-0.09
1.55,-0.81,1.55,15.39,1.55,-2.49E-17,1.55,0.09,1.55,-0.09,1.55,0.09,1.55,0,1.55,-0.09
1.56,-0.81,1.56,17.19,1.56,-2.49E-17,1.56,0.09,1.56,-0.09,1.56,0.09,1.56,0,1.56,-0.09
2.26,-0.81,2.26,1.08,2.26,0.27,2.26,0.09,2.26,-0.09,2.26,38.34,2.26,0,2.26,-0.09
2.27,-0.81,2.27,1.26,2.27,0.27,2.27,0.09,2.27,-0.09,2.27,39.06,2.27,0,2.27,-0.09
2.81,-0.81,2.81,1.35,2.81,-2.49E-17,2.81,-2.49E-17,2.81,32.4,2.81,1.98,2.81,17.82,2.81,-0.09
2.82,-0.81,2.82,1.08,2.82,-2.49E-17,2.82,-2.49E-17,2.82,33.84,2.82,2.25,2.82,19.53,2.82,-0.09
3.52,-0.81,3.52,1.26,3.52,32.67,3.52,-2.49E-17,3.52,5.49,3.52,0.63,3.52,5.67,3.52,-0.09
3.53,-0.81,3.53,1.08,3.53,33.57,3.53,-2.49E-17,3.53,5.67,3.53,0.81,3.53,5.85,3.53,-0.09
4.66,-0.81,,,4.66,0.18,4.66,-2.49E-17,4.66,0.9,,,4.66,1.98,4.66,4.14
4.78,-0.81,,,4.78,0.63,4.78,-2.49E-17,4.78,-1.08,,,4.78,-0.54,4.78,5.67
5.56,-0.81,,,5.56,0.09,5.56,27.81,,,,,,,,
0.31,-0.9,0.31,0,0.31,-0.09,0.31,0.27,0.31,-0.09,0.31,0.09,0.31,0,0.31,-0.09
0.32,-0.9,0.32,0,0.32,0,0.32,0.27,0.32,-0.09,0.32,0.09,0.32,0,0.32,-0.09
0.98,-0.9,0.98,0,0.98,0.27,0.98,-2.49E-17,0.98,-0.09,0.98,0.09,0.98,0,0.98,-0.09
0.99,-0.9,0.99,0,0.99,0.27,0.99,-2.49E-17,0.99,-0.09,0.99,0.09,0.99,0,0.99,-0.09
1.57,-0.9,1.57,19.17,1.57,-2.49E-17,1.57,0.09,1.57,-0.09,1.57,0.09,1.57,0,1.57,-0.09
1.58,-0.9,1.58,20.97,1.58,-2.49E-17,1.58,0.09,1.58,-0.09,1.58,0.09,1.58,0,1.58,-0.09
2.24,-0.9,2.24,0.54,2.24,0.27,2.24,0.09,2.24,-0.09,2.24,36.63,2.24,0,2.24,-0.09
2.25,-0.9,2.25,0.81,2.25,0.27,2.25,0.09,2.25,-0.09,2.25,37.53,2.25,0,2.25,-0.09
2.83,-0.9,2.83,0.72,2.83,-2.49E-17,2.83,-2.49E-17,2.83,35.28,2.83,2.61,2.83,21.42,2.83,-0.09
2.84,-0.9,2.84,0.45,2.84,-2.49E-17,2.84,-2.49E-17,2.84,36.36,2.84,2.88,2.84,23.04,2.84,-0.09
3.5,-0.9,3.5,1.53,3.5,30.69,3.5,-2.49E-17,3.5,5.22,3.5,0.36,3.5,5.04,3.5,-0.09
3.51,-0.9,3.51,1.35,3.51,31.77,3.51,-2.49E-17,3.51,5.4,3.51,0.45,3.51,5.4,3.51,-0.09
0.33,-0.99,0.33,0,0.33,0,0.33,0.27,0.33,-0.09,0.33,0.09,0.33,0,0.33,-0.09
0.34,-0.99,0.34,0,0.34,0,0.34,0.27,0.34,-0.09,0.34,0.09,0.34,0,0.34,-0.09
0.96,-0.99,0.96,0,0.96,0.27,0.96,-2.49E-17,0.96,-0.09,0.96,0.09,0.96,0,0.96,-0.09
0.97,-0.99,0.97,0,0.97,0.27,0.97,-2.49E-17,0.97,-0.09,0.97,0.09,0.97,0,0.97,-0.09
1.59,-0.99,1.59,22.68,1.59,-2.49E-17,1.59,0.09,1.59,-0.09,1.59,0.09,1.59,0,1.59,-0.09
1.6,-0.99,1.6,24.21,1.6,-2.49E-17,1.6,0.09,1.6,-0.09,1.6,0.09,1.6,0,1.6,-0.09
2.23,-0.99,2.23,0.36,2.23,0.27,2.23,0.09,2.23,-0.09,2.23,35.64,2.23,0,2.23,-0.09
2.85,-0.99,2.85,0.09,2.85,-2.49E-17,2.85,-2.49E-17,2.85,37.35,2.85,3.24,2.85,24.75,2.85,-0.09
3.48,-0.99,3.48,1.8,3.48,28.44,3.48,-2.49E-17,3.48,4.86,3.48,1.18E-14,3.48,4.23,3.48,-0.09
3.49,-0.99,3.49,1.62,3.49,29.61,3.49,-2.49E-17,3.49,5.04,3.49,0.18,3.49,4.68,3.49,-0.09
4.77,-0.99,,,4.77,0.45,4.77,-2.49E-17,4.77,-1.08,,,4.77,-0.27,4.77,5.58
5.37,-0.99,,,5.37,0.45,5.37,-2.49E-17,,,,,,,5.37,1.62
5.55,-0.99,,,5.55,-1.03E-15,5.55,26.46,,,,,,,,
0.35,-1.08,0.35,0,0.35,0,0.35,0.27,0.35,-0.09,0.35,0.09,0.35,0,0.35,-0.09
0.95,-1.08,0.95,0,0.95,0.27,0.95,0.09,0.95,-0.09,0.95,0.09,0.95,0,0.95,-0.09
1.61,-1.08,1.61,25.74,1.61,-2.49E-17,1.61,0.09,1.61,-0.09,1.61,0.09,1.61,0,1.61,-0.09
1.62,-1.08,1.62,27.27,1.62,-2.49E-17,1.62,0.09,1.62,-0.09,1.62,0.09,1.62,0,1.62,-0.09
2.21,-1.08,2.21,0.09,2.21,0.27,2.21,0.09,2.21,-0.09,2.21,33.39,2.21,0,2.21,-0.09
2.22,-1.08,2.22,0.18,2.22,0.27,2.22,0.09,2.22,-0.09,2.22,34.56,2.22,0,2.22,-0.09
2.86,-1.08,2.86,-0.18,2.86,-2.49E-17,2.86,-2.49E-17,2.86,38.25,2.86,3.51,2.86,26.46,2.86,-0.09
2.87,-1.08,2.87,-0.45,2.87,-2.49E-17,2.87,-2.49E-17,2.87,39.15,2.87,3.78,2.87,28.08,2.87,-0.09
3.46,-1.08,3.46,1.98,3.46,25.83,3.46,-2.49E-17,3.46,3.87,3.46,-0.36,3.46,3.15,3.46,-0.09
3.47,-1.08,3.47,1.89,3.47,27.18,3.47,-2.49E-17,3.47,4.59,3.47,-0.18,3.47,3.51,3.47,-0.09
5.54,-1.08,,,5.54,-0.09,5.54,24.93,,,,,,,,
0.36,-1.17,0.36,0,0.36,0,0.36,0.27,0.36,-0.09,0.36,0.09,0.36,0,0.36,-0.09
0.37,-1.17,0.37,0,0.37,0,0.37,0.27,0.37,-0.09,0.37,0.09,0.37,0,0.37,-0.09
0.92,-1.17,0.92,0,0.92,0.27,0.92,0.09,0.92,-0.09,0.92,0.09,0.92,0,0.92,-0.18
0.93,-1.17,0.93,0,0.93,0.27,0.93,0.09,0.93,-0.09,0.93,0.09,0.93,0,0.93,-0.09
0.94,-1.17,0.94,0,0.94,0.27,0.94,0.09,0.94,-0.09,0.94,0.09,0.94,0,0.94,-0.09
1.63,-1.17,1.63,28.71,1.63,-2.49E-17,1.63,0.09,1.63,-0.09,1.63,0.09,1.63,0,1.63,-0.09
1.64,-1.17,1.64,30.15,1.64,-2.49E-17,1.64,0.09,1.64,-0.09,1.64,0.09,1.64,0,1.64,-0.09
2.19,-1.17,2.19,-0.18,2.19,0.27,2.19,0.09,2.19,-0.09,2.19,30.87,2.19,0,2.19,-0.09
2.2,-1.17,2.2,5.59E-15,2.2,0.27,2.2,0.09,2.2,-0.09,2.2,32.13,2.2,0,2.2,-0.09
2.88,-1.17,2.88,-0.81,2.88,-2.49E-17,2.88,-2.49E-17,2.88,39.87,2.88,4.05,2.88,29.52,2.88,-0.09
2.89,-1.17,2.89,-1.08,2.89,-2.49E-17,2.89,-2.49E-17,2.89,40.5,2.89,4.32,2.89,30.96,2.89,-0.09
3.44,-1.17,3.44,2.25,3.44,22.95,3.44,-2.49E-17,3.44,2.61,3.44,-0.63,3.44,2.25,3.44,-0.09
3.45,-1.17,3.45,2.16,3.45,24.48,3.45,-2.49E-17,3.45,3.15,3.45,-0.45,3.45,2.79,3.45,-0.09
5.38,-1.17,,,5.38,0.27,5.38,-0.09,,,,,,,5.38,1.71
0.38,-1.26,0.38,0,0.38,0,0.38,0.27,0.38,-0.09,0.38,0.09,0.38,0,0.38,-0.09
0.39,-1.26,0.39,0,0.39,0,0.39,0.27,0.39,-0.09,0.39,0.09,0.39,0,0.39,-0.09
0.91,-1.26,0.91,0,0.91,0.27,0.91,0.09,0.91,-0.09,0.91,0.09,0.91,0,0.91,-0.18
1.65,-1.26,1.65,31.41,1.65,-2.49E-17,1.65,0.09,1.65,-0.09,1.65,0.09,1.65,0,1.65,-0.09
1.66,-1.26,1.66,32.67,1.66,-2.49E-17,1.66,0.09,1.66,-0.09,1.66,0.09,1.66,0,1.66,-0.18
2.17,-1.26,2.17,-0.36,2.17,0.27,2.17,0.09,2.17,-0.09,2.17,28.08,2.17,0,2.17,-0.18
2.18,-1.26,2.18,-0.45,2.18,0.27,2.18,0.09,2.18,-0.09,2.18,29.52,2.18,0,2.18,-0.18
2.9,-1.26,2.9,-1.17,2.9,-2.49E-17,2.9,-2.49E-17,2.9,41.04,2.9,4.59,2.9,32.31,2.9,-0.09
2.91,-1.26,2.91,-1.08,2.91,-2.49E-17,2.91,-2.49E-17,2.91,41.58,2.91,4.86,2.91,33.48,2.91,-0.09
3.42,-1.26,3.42,2.43,3.42,19.8,3.42,-2.49E-17,3.42,2.97,3.42,-0.81,3.42,1.35,3.42,-0.18
3.43,-1.26,3.43,2.34,3.43,21.42,3.43,-2.49E-17,3.43,3.06,3.43,-0.81,3.43,1.98,3.43,-0.18
5.53,-1.26,,,5.53,-0.27,5.53,23.49,,,,,,,,
0.4,-1.35,0.4,0,0.4,0,0.4,0.27,0.4,-0.09,0.4,0.09,0.4,0,0.4,-0.18
0.41,-1.35,0.41,0,0.41,0,0.41,0.27,0.41,-0.09,0.41,0.09,0.41,0,0.41,-0.18
0.89,-1.35,0.89,0,0.89,0.27,0.89,0.09,0.89,-0.09,0.89,0.09,0.89,0,0.89,-0.18
0.9,-1.35,0.9,0,0.9,0.27,0.9,0.09,0.9,-0.09,0.9,0.09,0.9,0,0.9,-0.18
1.67,-1.35,1.67,33.84,1.67,-2.49E-17,1.67,0.09,1.67,-0.09,1.67,0.09,1.67,0,1.67,-0.18
2.15,-1.35,2.15,-0.45,2.15,0.27,2.15,0.09,2.15,-0.09,2.15,25.02,2.15,0,2.15,-0.18
2.16,-1.35,2.16,-0.63,2.16,0.27,2.16,0.09,2.16,-0.09,2.16,26.55,2.16,0,2.16,-0.18
2.92,-1.35,2.92,-0.9,2.92,-2.49E-17,2.92,-2.49E-17,2.92,41.94,2.92,5.04,2.92,34.74,2.92,-0.09
2.93,-1.35,2.93,-0.81,2.93,-2.49E-17,2.93,-2.49E-17,2.93,42.21,2.93,5.31,2.93,35.82,2.93,-0.18
3.41,-1.35,3.41,2.52,3.41,18.27,3.41,-2.49E-17,3.41,2.79,3.41,-0.45,3.41,0.9,3.41,-0.18
4.76,-1.35,,,4.76,0.36,4.76,-2.49E-17,4.76,-0.81,,,4.76,-0.09,4.76,5.49
5.52,-1.35,,,5.52,-0.36,5.52,22.14,,,,,,,,
0.42,-1.44,0.42,0,0.42,0,0.42,0.27,0.42,-0.09,0.42,0.09,0.42,0,0.42,-0.18
0.43,-1.44,0.43,0,0.43,0.09,0.43,0.27,0.43,-0.09,0.43,0.18,0.43,0,0.43,-0.18
0.87,-1.44,0.87,0,0.87,0.27,0.87,0.09,0.87,-0.09,0.87,0.09,0.87,0,0.87,-0.18
0.88,-1.44,0.88,0,0.88,0.27,0.88,0.09,0.88,-0.09,0.88,0.09,0.88,0,0.88,-0.18
1.68,-1.44,1.68,34.92,1.68,-2.49E-17,1.68,0.09,1.68,-0.09,1.68,0.09,1.68,0,1.68,-0.18
1.69,-1.44,1.69,35.91,1.69,0.09,1.69,0.09,1.69,-0.09,1.69,0.09,1.69,0,1.69,-0.18
1.7,-1.44,1.7,36.81,1.7,0.09,1.7,0.09,1.7,-0.09,1.7,0.09,1.7,0,1.7,-0.18
2.13,-1.44,2.13,-1.62,2.13,0.27,2.13,0.09,2.13,-0.09,2.13,21.6,2.13,0,2.13,-0.18
2.14,-1.44,2.14,-0.81,2.14,0.27,2.14,0.09,2.14,-0.09,2.14,23.4,2.14,0,2.14,-0.18
2.94,-1.44,2.94,-0.63,2.94,0.09,2.94,-2.49E-17,2.94,42.39,2.94,5.49,2.94,36.81,2.94,-0.18
2.95,-1.44,2.95,-0.45,2.95,0.09,2.95,-2.49E-17,2.95,42.48,2.95,5.76,2.95,37.71,2.95,-0.18
3.39,-1.44,3.39,2.7,3.39,15.03,3.39,-2.49E-17,3.39,2.34,3.39,0.18,3.39,-0.36,3.39,-0.18
3.4,-1.44,3.4,2.61,3.4,16.65,3.4,-2.49E-17,3.4,2.61,3.4,-0.18,3.4,0.27,3.4,-0.18
4.75,-1.44,,,4.75,0.18,4.75,-2.49E-17,4.75,-0.45,,,4.75,0.18,4.75,5.4
5.39,-1.44,,,5.39,0.18,5.39,-2.49E-17,,,,,,,5.39,1.89
0.44,-1.53,0.44,0,0.44,0.09,0.44,0.27,0.44,-0.09,0.44,0.18,0.44,0,0.44,-0.18
0.45,-1.53,0.45,0,0.45,0.09,0.45,0.27,0.45,-0.09,0.45,0.18,0.45,0,0.45,-0.18
0.85,-1.53,0.85,0,0.85,0.27,0.85,0.09,0.85,-0.09,0.85,0.09,0.85,0,0.85,-0.18
0.86,-1.53,0.86,0,0.86,0.27,0.86,0.09,0.86,-0.09,0.86,0.09,0.86,0,0.86,-0.18
1.71,-1.53,1.71,37.71,1.71,0.09,1.71,0.09,1.71,-0.09,1.71,0.09,1.71,0,1.71,-0.18
1.72,-1.53,1.72,38.43,1.72,0.09,1.72,0.09,1.72,-0.09,1.72,0.09,1.72,0,1.72,-0.18
2.1,-1.53,2.1,4.14,2.1,0.27,2.1,0.09,2.1,-0.09,2.1,16.29,2.1,0,2.1,-0.18
2.11,-1.53,2.11,2.16,2.11,0.27,2.11,0.09,2.11,-0.09,2.11,18.09,2.11,0,2.11,-0.18
2.12,-1.53,2.12,0.09,2.12,0.27,2.12,0.09,2.12,-0.09,2.12,19.8,2.12,0,2.12,-0.18
2.96,-1.53,2.96,-0.27,2.96,0.09,2.96,-2.49E-17,2.96,42.48,2.96,5.94,2.96,38.52,2.96,-0.18
2.97,-1.53,2.97,-0.18,2.97,0.09,2.97,-2.49E-17,2.97,42.12,2.97,6.03,2.97,39.24,2.97,-0.18
3.36,-1.53,3.36,2.88,3.36,9.9,3.36,-2.49E-17,3.36,1.62,3.36,1.17,3.36,2.43,3.36,-0.18
3.37,-1.53,3.37,2.79,3.37,11.97,3.37,-2.49E-17,3.37,1.8,3.37,0.81,3.37,0.45,3.37,-0.18
3.38,-1.53,3.38,2.7,3.38,13.5,3.38,-2.49E-17,3.38,2.07,3.38,0.54,3.38,-1.35,3.38,-0.18
5.51,-1.53,,,5.51,-0.45,5.51,20.61,,,,,,,,
0.46,-1.62,0.46,0,0.46,0.09,0.46,0.27,0.46,-0.09,0.46,0.18,0.46,0,0.46,-0.18
0.47,-1.62,0.47,0,0.47,0.09,0.47,0.27,0.47,-0.09,0.47,0.18,0.47,0,0.47,-0.18
0.48,-1.62,0.48,0,0.48,0.09,0.48,0.27,0.48,-0.09,0.48,0.18,0.48,0,0.48,-0.18
0.82,-1.62,0.82,0,0.82,0.27,0.82,0.09,0.82,-0.09,0.82,0.09,0.82,0,0.82,-0.18
0.83,-1.62,0.83,0,0.83,0.27,0.83,0.09,0.83,-0.09,0.83,0.09,0.83,0,0.83,-0.18
0.84,-1.62,0.84,0,0.84,0.27,0.84,0.09,0.84,-0.09,0.84,0.09,0.84,0,0.84,-0.18
1.73,-1.62,1.73,39.15,1.73,0.09,1.73,0.09,1.73,-0.09,1.73,0.09,1.73,0,1.73,-0.18
1.74,-1.62,1.74,39.69,1.74,0.09,1.74,0.09,1.74,-0.09,1.74,0.09,1.74,0,1.74,-0.18
2.08,-1.62,2.08,8.1,2.08,0.27,2.08,0.09,2.08,-0.09,2.08,12.78,2.08,0,2.08,-0.18
2.09,-1.62,2.09,6.12,2.09,0.27,2.09,0.09,2.09,-0.09,2.09,14.58,2.09,0,2.09,-0.18
2.98,-1.62,2.98,5.34E-15,2.98,0.09,2.98,-2.49E-17,2.98,41.85,2.98,6.21,2.98,39.87,2.98,-0.18
2.99,-1.62,2.99,0.09,2.99,0.09,2.99,-2.49E-17,2.99,41.31,2.99,6.39,2.99,40.41,2.99,-0.18
3,-1.62,3,0.27,3,0.09,3,-2.49E-17,3,40.86,3,6.48,3,40.95,3,-0.18
3.34,-1.62,3.34,2.97,3.34,6.57,3.34,-2.49E-17,3.34,0.72,3.34,1.8,3.34,6.39,3.34,-0.18
3.35,-1.62,3.35,2.88,3.35,8.55,3.35,-2.49E-17,3.35,1.35,3.35,1.53,3.35,4.41,3.35,-0.18
4.73,-1.62,,,4.73,-0.18,4.73,-2.49E-17,4.73,-0.09,,,4.73,0.63,4.73,5.22
4.74,-1.62,,,4.74,-1.07E-15,4.74,-2.49E-17,4.74,-0.27,,,4.74,0.36,4.74,5.4
5.5,-1.62,,,5.5,-0.54,5.5,19.17,,,,,,,,
0.49,-1.71,0.49,0,0.49,0.09,0.49,0.27,0.49,-0.09,0.49,0.18,0.49,0,0.49,-0.18
0.5,-1.71,0.5,0,0.5,0.09,0.5,0.27,0.5,-0.09,0.5,0.18,0.5,0,0.5,-0.18
0.8,-1.71,0.8,0,0.8,0.27,0.8,0.09,0.8,-0.09,0.8,0.09,0.8,0,0.8,-0.18
0.81,-1.71,0.81,0,0.81,0.27,0.81,0.09,0.81,-0.09,0.81,0.09,0.81,0,0.81,-0.18
1.75,-1.71,1.75,40.14,1.75,0.09,1.75,0.09,1.75,-0.09,1.75,0.09,1.75,0,1.75,-0.18
1.76,-1.71,1.76,40.5,1.76,0.09,1.76,0.09,1.76,-0.09,1.76,0.09,1.76,0,1.76,-0.18
1.77,-1.71,1.77,40.86,1.77,0.18,1.77,0.09,1.77,-0.09,1.77,0.09,1.77,0,1.77,-0.18
2.06,-1.71,2.06,12.06,2.06,0.27,2.06,0.09,2.06,-0.09,2.06,9.36,2.06,0,2.06,-0.18
2.07,-1.71,2.07,10.08,2.07,0.27,2.07,0.09,2.07,-0.09,2.07,10.53,2.07,0,2.07,-0.18
3.01,-1.71,3.01,0.45,3.01,0.09,3.01,-2.49E-17,3.01,40.14,3.01,6.57,3.01,41.22,3.01,-0.18
3.02,-1.71,3.02,0.54,3.02,0.09,3.02,-2.49E-17,3.02,39.51,3.02,6.66,3.02,41.49,3.02,-0.18
3.31,-1.71,3.31,2.97,3.31,0.27,3.31,-2.49E-17,3.31,-0.09,3.31,2.79,3.31,12.33,3.31,-0.18
3.32,-1.71,3.32,2.97,3.32,1.17,3.32,-2.49E-17,3.32,-0.09,3.32,2.43,3.32,10.35,3.32,-0.18
3.33,-1.71,3.33,2.97,3.33,4.95,3.33,-2.49E-17,3.33,0.63,3.33,2.16,3.33,8.46,3.33,-0.18
5.4,-1.71,,,5.4,-1.07E-15,5.4,2.79,,,,,,,5.4,1.98
0.51,-1.8,0.51,0,0.51,0.09,0.51,0.27,0.51,-0.09,0.51,0.18,0.51,0,0.51,-0.18
0.52,-1.8,0.52,0,0.52,0.18,0.52,0.27,0.52,-0.09,0.52,0.18,0.52,0,0.52,-0.18
0.53,-1.8,0.53,0,0.53,0.18,0.53,0.27,0.53,-0.09,0.53,0.18,0.53,0,0.53,-0.18
0.77,-1.8,0.77,0,0.77,0.27,0.77,0.09,0.77,-0.09,0.77,0.09,0.77,0,0.77,-0.18
0.78,-1.8,0.78,0,0.78,0.27,0.78,0.09,0.78,-0.09,0.78,0.09,0.78,0,0.78,-0.18
0.79,-1.8,0.79,0,0.79,0.27,0.79,0.09,0.79,-0.09,0.79,0.09,0.79,0,0.79,-0.18
1.78,-1.8,1.78,41.04,1.78,0.18,1.78,0.09,1.78,-0.09,1.78,0.09,1.78,0,1.78,-0.18
1.79,-1.8,1.79,41.13,1.79,0.18,1.79,0.09,1.79,-0.09,1.79,0.09,1.79,0,1.79,-0.18
1.8,-1.8,1.8,41.13,1.8,0.18,1.8,0.09,1.8,-0.09,1.8,0.09,1.8,0,1.8,-0.18
2.03,-1.8,2.03,17.64,2.03,0.27,2.03,0.09,2.03,-0.09,2.03,1.44,2.03,0,2.03,-0.18
2.04,-1.8,2.04,15.84,2.04,0.27,2.04,0.09,2.04,-0.09,2.04,5.4,2.04,0,2.04,-0.18
2.05,-1.8,2.05,13.95,2.05,0.27,2.05,0.09,2.05,-0.09,2.05,7.2,2.05,0,2.05,-0.18
3.03,-1.8,3.03,0.72,3.03,0.18,3.03,-2.49E-17,3.03,39.15,3.03,6.75,3.03,41.67,3.03,-0.18
3.04,-1.8,3.04,0.9,3.04,0.18,3.04,-2.49E-17,3.04,38.34,3.04,6.84,3.04,41.76,3.04,-0.18
3.05,-1.8,3.05,1.08,3.05,0.18,3.05,-2.49E-17,3.05,37.53,3.05,6.84,3.05,41.76,3.05,-0.18
3.06,-1.8,3.06,1.17,3.06,0.18,3.06,-2.49E-17,3.06,36.63,3.06,6.93,3.06,41.67,3.06,-0.18
3.28,-1.8,3.28,2.97,3.28,0.27,3.28,-2.49E-17,3.28,0.99,3.28,3.69,3.28,18,3.28,-0.18
3.29,-1.8,3.29,2.97,3.29,0.36,3.29,-2.49E-17,3.29,-1.35,3.29,3.33,3.29,16.11,3.29,-0.18
3.3,-1.8,3.3,2.97,3.3,0.27,3.3,-2.49E-17,3.3,0.18,3.3,3.06,3.3,14.22,3.3,-0.18
5.49,-1.8,,,5.49,-0.63,5.49,17.46,,,,,,,,
0.54,-1.89,0.54,0,0.54,0.18,0.54,0.27,0.54,-0.09,0.54,0.18,0.54,0,0.54,-0.18
0.55,-1.89,0.55,0,0.55,0.18,0.55,0.27,0.55,-0.09,0.55,0.18,0.55,0,0.55,-0.18
0.56,-1.89,0.56,0,0.56,0.18,0.56,0.18,0.56,-0.09,0.56,0.18,0.56,0,0.56,-0.18
0.57,-1.89,0.57,0,0.57,0.18,0.57,0.18,0.57,-0.09,0.57,0.18,0.57,0,0.57,-0.18
0.58,-1.89,0.58,0,0.58,0.18,0.58,0.18,0.58,-0.09,0.58,0.18,0.58,0,0.58,-0.18
0.73,-1.89,0.73,0,0.73,0.27,0.73,0.18,0.73,-0.09,0.73,0.18,0.73,0,0.73,-0.18
0.74,-1.89,0.74,0,0.74,0.27,0.74,0.09,0.74,-0.09,0.74,0.18,0.74,0,0.74,-0.18
0.75,-1.89,0.75,0,0.75,0.27,0.75,0.09,0.75,-0.09,0.75,0.18,0.75,0,0.75,-0.18
0.76,-1.89,0.76,0,0.76,0.27,0.76,0.09,0.76,-0.09,0.76,0.18,0.76,0,0.76,-0.18
1.81,-1.89,1.81,41.13,1.81,0.18,1.81,0.09,1.81,-0.09,1.81,0.09,1.81,0,1.81,-0.18
1.82,-1.89,1.82,40.95,1.82,0.18,1.82,0.09,1.82,-0.09,1.82,0.09,1.82,0,1.82,-0.18
1.83,-1.89,1.83,40.68,1.83,0.18,1.83,0.09,1.83,-0.09,1.83,0.09,1.83,0,1.83,-0.18
1.84,-1.89,1.84,40.32,1.84,0.18,1.84,0.09,1.84,-0.09,1.84,0.09,1.84,0,1.84,-0.18
1.85,-1.89,1.85,39.87,1.85,0.18,1.85,0.09,1.85,-0.09,1.85,0.09,1.85,0,1.85,-0.18
1.86,-1.89,1.86,39.33,1.86,0.18,1.86,0.09,1.86,-0.09,1.86,0.09,1.86,0,1.86,-0.18
1.98,-1.89,1.98,26.1,1.98,0.27,1.98,0.09,1.98,-0.09,1.98,0.09,1.98,0,1.98,-0.18
1.99,-1.89,1.99,24.48,1.99,0.27,1.99,0.09,1.99,-0.09,1.99,0.09,1.99,0,1.99,-0.18
2,-1.89,2,22.86,2,0.27,2,0.09,2,-0.09,2,0.18,2,0,2,-0.18
2.01,-1.89,2.01,21.15,2.01,0.27,2.01,0.09,2.01,-0.09,2.01,0.09,2.01,0,2.01,-0.18
2.02,-1.89,2.02,19.44,2.02,0.27,2.02,0.09,2.02,-0.09,2.02,-0.09,2.02,0,2.02,-0.18
3.07,-1.89,3.07,1.35,3.07,0.18,3.07,-2.49E-17,3.07,35.64,3.07,6.93,3.07,41.49,3.07,-0.18
3.08,-1.89,3.08,1.44,3.08,0.18,3.08,-2.49E-17,3.08,34.56,3.08,6.93,3.08,41.22,3.08,-0.18
3.09,-1.89,3.09,1.62,3.09,0.18,3.09,-2.49E-17,3.09,33.48,3.09,6.93,3.09,40.86,3.09,-0.18
3.1,-1.89,3.1,1.71,3.1,0.18,3.1,-2.49E-17,3.1,32.22,3.1,6.93,3.1,40.41,3.1,-0.18
3.11,-1.89,3.11,1.8,3.11,0.18,3.11,-2.49E-17,3.11,30.87,3.11,6.84,3.11,39.78,3.11,-0.18
3.12,-1.89,3.12,1.89,3.12,0.18,3.12,-2.49E-17,3.12,29.52,3.12,6.75,3.12,39.15,3.12,-0.18
3.23,-1.89,3.23,2.88,3.23,0.27,3.23,-2.49E-17,3.23,10.89,3.23,5.04,3.23,26.55,3.23,-0.18
3.24,-1.89,3.24,2.88,3.24,0.27,3.24,-2.49E-17,3.24,9.09,3.24,4.77,3.24,24.93,3.24,-0.18
3.25,-1.89,3.25,2.97,3.25,0.27,3.25,-2.49E-17,3.25,7.02,3.25,4.5,3.25,23.31,3.25,-0.18
3.26,-1.89,3.26,2.97,3.26,0.27,3.26,-2.49E-17,3.26,5.04,3.26,4.23,3.26,21.6,3.26,-0.18
3.27,-1.89,3.27,2.97,3.27,0.27,3.27,-2.49E-17,3.27,2.97,3.27,3.96,3.27,19.8,3.27,-0.18
5.41,-1.89,,,5.41,-0.18,5.41,4.14,,,,,,,5.41,2.07
5.48,-1.89,,,5.48,-0.72,5.48,15.75,,,,,,,,
0.59,-1.98,0.59,0,0.59,0.18,0.59,0.18,0.59,-0.09,0.59,0.18,0.59,0,0.59,-0.18
0.6,-1.98,0.6,0,0.6,0.18,0.6,0.18,0.6,-0.09,0.6,0.18,0.6,0,0.6,-0.18
0.61,-1.98,0.61,0,0.61,0.27,0.61,0.18,0.61,-0.09,0.61,0.18,0.61,0,0.61,-0.18
0.62,-1.98,0.62,0,0.62,0.27,0.62,0.18,0.62,-0.09,0.62,0.18,0.62,0,0.62,-0.18
0.63,-1.98,0.63,0,0.63,0.27,0.63,0.18,0.63,-0.09,0.63,0.18,0.63,0,0.63,-0.18
0.64,-1.98,0.64,0,0.64,0.27,0.64,0.18,0.64,-0.09,0.64,0.18,0.64,0,0.64,-0.18
0.65,-1.98,0.65,0,0.65,0.27,0.65,0.18,0.65,-0.09,0.65,0.18,0.65,0,0.65,-0.18
0.66,-1.98,0.66,0,0.66,0.27,0.66,0.18,0.66,-0.09,0.66,0.18,0.66,0,0.66,-0.18
0.67,-1.98,0.67,0,0.67,0.27,0.67,0.18,0.67,-0.09,0.67,0.18,0.67,0,0.67,-0.18
0.68,-1.98,0.68,0,0.68,0.27,0.68,0.18,0.68,-0.09,0.68,0.18,0.68,0,0.68,-0.18
0.69,-1.98,0.69,0,0.69,0.27,0.69,0.18,0.69,-0.09,0.69,0.18,0.69,0,0.69,-0.18
0.7,-1.98,0.7,0,0.7,0.27,0.7,0.18,0.7,-0.09,0.7,0.18,0.7,0,0.7,-0.18
0.71,-1.98,0.71,0,0.71,0.27,0.71,0.18,0.71,-0.09,0.71,0.18,0.71,0,0.71,-0.18
0.72,-1.98,0.72,0,0.72,0.27,0.72,0.18,0.72,-0.09,0.72,0.18,0.72,0,0.72,-0.18
1.87,-1.98,1.87,38.61,1.87,0.27,1.87,0.09,1.87,-0.09,1.87,0.09,1.87,0,1.87,-0.18
1.88,-1.98,1.88,37.89,1.88,0.27,1.88,0.09,1.88,-0.09,1.88,0.09,1.88,0,1.88,-0.18
1.89,-1.98,1.89,37.08,1.89,0.27,1.89,0.09,1.89,-0.09,1.89,0.09,1.89,0,1.89,-0.18
1.9,-1.98,1.9,36.18,1.9,0.27,1.9,0.09,1.9,-0.09,1.9,0.09,1.9,0,1.9,-0.18
1.91,-1.98,1.91,35.19,1.91,0.27,1.91,0.09,1.91,-0.09,1.91,0.09,1.91,0,1.91,-0.18
1.92,-1.98,1.92,34.11,1.92,0.27,1.92,0.09,1.92,-0.09,1.92,0.09,1.92,0,1.92,-0.18
1.93,-1.98,1.93,32.94,1.93,0.27,1.93,0.09,1.93,-0.09,1.93,0.09,1.93,0,1.93,-0.18
1.94,-1.98,1.94,31.68,1.94,0.27,1.94,0.09,1.94,-0.09,1.94,0.09,1.94,0,1.94,-0.18
1.95,-1.98,1.95,30.42,1.95,0.27,1.95,0.09,1.95,-0.09,1.95,0.09,1.95,0,1.95,-0.18
1.96,-1.98,1.96,28.98,1.96,0.27,1.96,0.09,1.96,-0.09,1.96,0.09,1.96,0,1.96,-0.18
1.97,-1.98,1.97,27.54,1.97,0.27,1.97,0.09,1.97,-0.09,1.97,0.09,1.97,0,1.97,-0.18
3.13,-1.98,3.13,2.07,3.13,0.27,3.13,-2.49E-17,3.13,27.99,3.13,6.66,3.13,38.52,3.13,-0.18
3.14,-1.98,3.14,2.16,3.14,0.27,3.14,-2.49E-17,3.14,26.46,3.14,6.57,3.14,37.62,3.14,-0.18
3.15,-1.98,3.15,2.25,3.15,0.27,3.15,-2.49E-17,3.15,24.84,3.15,6.48,3.15,36.72,3.15,-0.18
3.16,-1.98,3.16,2.34,3.16,0.27,3.16,-2.49E-17,3.16,23.13,3.16,6.3,3.16,35.73,3.16,-0.18
3.17,-1.98,3.17,2.43,3.17,0.27,3.17,-2.49E-17,3.17,21.15,3.17,6.12,3.17,34.65,3.17,-0.18
3.18,-1.98,3.18,2.52,3.18,0.27,3.18,-2.49E-17,3.18,19.53,3.18,6.03,3.18,33.48,3.18,-0.18
3.19,-1.98,3.19,2.61,3.19,0.27,3.19,-2.49E-17,3.19,17.91,3.19,5.85,3.19,32.22,3.19,-0.18
3.2,-1.98,3.2,2.7,3.2,0.27,3.2,-2.49E-17,3.2,16.2,3.2,5.67,3.2,30.96,3.2,-0.18
3.21,-1.98,3.21,2.79,3.21,0.27,3.21,-2.49E-17,3.21,14.4,3.21,5.4,3.21,29.52,3.21,-0.18
3.22,-1.98,3.22,2.79,3.22,0.27,3.22,-2.49E-17,3.22,12.69,3.22,5.22,3.22,28.08,3.22,-0.18
4.71,-1.98,,,4.71,-0.54,4.71,-2.49E-17,4.71,0.18,,,4.71,0.99,4.71,4.95
4.69,-2.07,,,4.69,-0.99,4.69,-2.49E-17,4.69,0.45,,,4.69,1.44,4.69,4.68
5.47,-2.07,,,5.47,-0.81,5.47,13.95,,,,,,,5.47,2.61
4.72,-2.16,,,4.72,-0.45,4.72,-2.49E-17,4.72,-4.52E-15,,,4.72,0.81,4.72,5.13
5.42,-2.16,,,5.42,-0.36,5.42,5.4,,,,,,,5.42,2.16
4.68,-2.25,,,4.68,-0.63,4.68,-2.49E-17,4.68,0.63,,,4.68,1.62,4.68,4.59
4.7,-2.25,,,4.7,-0.72,4.7,-2.49E-17,4.7,0.36,,,4.7,1.26,4.7,4.86
5.46,-2.25,,,5.46,-0.9,5.46,12.24,,,,,,,5.46,2.52
5.43,-2.34,,,5.43,-0.54,5.43,7.74,,,,,,,5.43,2.25
5.45,-2.34,,,5.45,-0.9,5.45,11.16,,,,,,,5.45,2.43
5.44,-2.43,,,5.44,-0.72,5.44,8.73,,,,,,,5.44,2.34
4.67,-2.97,,,4.67,-0.27,4.67,-2.49E-17,4.67,0.81,,,4.67,1.8,4.67,4.32
,,,,,,6.03,1.89,,,,,,,,
,,,,,,6.04,0.18,,,,,,,,
,,,,,,6.05,-1.8,,,,,,,,
,,,,,,6.06,-0.72,,,,,,,,
,,,,,,6.07,-0.36,,,,,,,,
,,,,,,6.08,5.67E-15,,,,,,,,
,,,,,,6.09,0.45,,,,,,,,
,,,,,,6.1,0.63,,,,,,,,
,,,,,,6.11,0.9,,,,,,,,
,,,,,,6.12,1.17,,,,,,,,
,,,,,,6.13,1.44,,,,,,,,
,,,,,,6.14,1.62,,,,,,,,
,,,,,,6.15,1.89,,,,,,,,
,,,,,,6.16,2.25,,,,,,,,
,,,,,,6.17,2.7,,,,,,,,
,,,,,,6.18,3.06,,,,,,,,
,,,,,,6.19,3.24,,,,,,,,
