#Digilent WaveForms Oscilloscope Acquisition,,,
#Device Name: Discovery2,,,
#Serial Number: SN:210321A41F6B,,,
#Date Time: 2024-01-30 16:55:27.155,,,
#Sample rate: 4000Hz,,,
#Samples: 8192,,,
#Trigger: Source: Channel 1 Type: Edge Condition: Rising Level: 1.2 V Hyst.: Auto HoldOff: 0 s,,,
#Channel 1: Range: 1 V/div Offset: 400 mV Attenuation: 1 X Sample Mode: Average,,,
#Channel 2: Range: 1 V/div Offset: 400 mV Attenuation: 1 X Sample Mode: Average,,,
#Math 1: Function: C2 * ( 0.0010067),,,
,,,
#Wavegen Channel 1: Running,,,
#Mode: Simple,,,
#Type: RampUp,,,
#Frequency: 1 Hz,,,
#Period: 1 s,,,
#Amplitude: 5 V,,,
#Offset: 0 V,,,
#Symmetry: 100 %,,,
#Phase: 0 °,,,
,,,
Time (s),Channel 1 (V),Channel 2 (V),Math 1 (A)
-1.024,0.956217709,0.001090616,1.10E-06
-1.02375,0.959868691,0.004757705,4.79E-06
-1.0235,0.959868691,0.004757705,4.79E-06
-1.02325,0.963519672,0.001090616,1.10E-06
-1.023,0.967170654,0.001090616,1.10E-06
-1.02275,0.967170654,0.001090616,1.10E-06
-1.0225,0.970821635,0.001090616,1.10E-06
-1.02225,0.974472617,0.001090616,1.10E-06
-1.022,0.974472617,0.001090616,1.10E-06
-1.02175,0.978123598,0.001090616,1.10E-06
-1.0215,0.98177458,0.001090616,1.10E-06
-1.02125,0.98177458,0.001090616,1.10E-06
-1.021,0.985425561,0.001090616,1.10E-06
-1.02075,0.989076543,0.001090616,1.10E-06
-1.0205,0.992727525,0.001090616,1.10E-06
-1.02025,0.992727525,0.001090616,1.10E-06
-1.02,0.996378506,0.001090616,1.10E-06
-1.01975,0.996378506,0.001090616,1.10E-06
-1.0195,1.000029488,0.001090616,1.10E-06
-1.01925,1.003680469,0.001090616,1.10E-06
-1.019,1.007331451,0.001090616,1.10E-06
-1.01875,1.010982432,0.004757705,4.79E-06
-1.0185,1.010982432,0.001090616,1.10E-06
-1.01825,1.014633414,0.001090616,1.10E-06
-1.018,1.018284396,0.001090616,1.10E-06
-1.01775,1.018284396,0.001090616,1.10E-06
-1.0175,1.021935377,0.001090616,1.10E-06
-1.01725,1.021935377,0.001090616,1.10E-06
-1.017,1.025586359,0.001090616,1.10E-06
-1.01675,1.02923734,0.001090616,1.10E-06
-1.0165,1.02923734,0.001090616,1.10E-06
-1.01625,1.032888322,0.001090616,1.10E-06
-1.016,1.036539303,0.001090616,1.10E-06
-1.01575,1.040190285,0.001090616,1.10E-06
-1.0155,1.040190285,0.001090616,1.10E-06
-1.01525,1.043841266,0.001090616,1.10E-06
-1.015,1.047492248,0.001090616,1.10E-06
-1.01475,1.047492248,0.001090616,1.10E-06
-1.0145,1.05114323,0.001090616,1.10E-06
-1.01425,1.054794211,0.001090616,1.10E-06
-1.014,1.054794211,0.001090616,1.10E-06
-1.01375,1.058445193,0.001090616,1.10E-06
-1.0135,1.062096174,0.001090616,1.10E-06
-1.01325,1.065747156,0.001090616,1.10E-06
-1.013,1.065747156,0.001090616,1.10E-06
-1.01275,1.069398137,0.001090616,1.10E-06
-1.0125,1.073049119,0.001090616,1.10E-06
-1.01225,1.073049119,0.001090616,1.10E-06
-1.012,1.0767001,0.001090616,1.10E-06
-1.01175,1.080351082,0.001090616,1.10E-06
-1.0115,1.080351082,0.001090616,1.10E-06
-1.01125,1.084002064,0.001090616,1.10E-06
-1.011,1.087653045,0.001090616,1.10E-06
-1.01075,1.087653045,0.001090616,1.10E-06
-1.0105,1.091304027,0.001090616,1.10E-06
-1.01025,1.094955008,0.004757705,4.79E-06
-1.01,1.09860599,0.004757705,4.79E-06
-1.00975,1.09860599,0.001090616,1.10E-06
-1.0095,1.102256971,0.001090616,1.10E-06
-1.00925,1.102256971,0.001090616,1.10E-06
-1.009,1.105907953,0.001090616,1.10E-06
-1.00875,1.109558935,0.001090616,1.10E-06
-1.0085,1.113209916,0.001090616,1.10E-06
-1.00825,1.113209916,0.001090616,1.10E-06
-1.008,1.116860898,0.001090616,1.10E-06
-1.00775,1.120511879,0.001090616,1.10E-06
-1.0075,1.120511879,0.001090616,1.10E-06
-1.00725,1.124162861,0.001090616,1.10E-06
-1.007,1.127813842,0.004757705,4.79E-06
-1.00675,1.131464824,0.004757705,4.79E-06
-1.0065,1.131464824,0.004757705,4.79E-06
-1.00625,1.135115805,0.004757705,4.79E-06
-1.006,1.135115805,0.004757705,4.79E-06
-1.00575,1.138766787,0.001090616,1.10E-06
-1.0055,1.142417769,0.001090616,1.10E-06
-1.00525,1.14606875,0.004757705,4.79E-06
-1.005,1.14606875,0.004757705,4.79E-06
-1.00475,1.149719732,0.001090616,1.10E-06
-1.0045,1.153370713,0.004757705,4.79E-06
-1.00425,1.153370713,0.004757705,4.79E-06
-1.004,1.157021695,0.004757705,4.79E-06
-1.00375,1.157021695,0.001090616,1.10E-06
-1.0035,1.160672676,0.001090616,1.10E-06
-1.00325,1.164323658,0.001090616,1.10E-06
-1.003,1.167974639,0.004757705,4.79E-06
-1.00275,1.167974639,0.001090616,1.10E-06
-1.0025,1.167974639,0.001090616,1.10E-06
-1.00225,1.171625621,0.001090616,1.10E-06
-1.002,1.175276603,0.001090616,1.10E-06
-1.00175,1.178927584,0.001090616,1.10E-06
-1.0015,1.182578566,0.001090616,1.10E-06
-1.00125,1.182578566,0.001090616,1.10E-06
-1.001,1.186229547,0.001090616,1.10E-06
-1.00075,1.186229547,0.001090616,1.10E-06
-1.0005,1.189880529,0.001090616,1.10E-06
-1.00025,1.19353151,0.001090616,1.10E-06
-1,1.197182492,0.001090616,1.10E-06
-0.99975,1.197182492,0.001090616,1.10E-06
-0.9995,1.200833474,0.001090616,1.10E-06
-0.99925,1.204484455,0.001090616,1.10E-06
-0.999,1.208135437,0.001090616,1.10E-06
-0.99875,1.211786418,0.001090616,1.10E-06
-0.9985,1.211786418,0.001090616,1.10E-06
-0.99825,1.211786418,0.001090616,1.10E-06
-0.998,1.2154374,0.001090616,1.10E-06
-0.99775,1.219088381,0.001090616,1.10E-06
-0.9975,1.222739363,0.001090616,1.10E-06
-0.99725,1.222739363,0.001090616,1.10E-06
-0.997,1.226390344,0.001090616,1.10E-06
-0.99675,1.230041326,0.004757705,4.79E-06
-0.9965,1.233692308,0.001090616,1.10E-06
-0.99625,1.237343289,0.001090616,1.10E-06
-0.996,1.237343289,0.001090616,1.10E-06
-0.99575,1.240994271,0.001090616,1.10E-06
-0.9955,1.244645252,0.001090616,1.10E-06
-0.99525,1.248296234,0.001090616,1.10E-06
-0.995,1.248296234,0.001090616,1.10E-06
-0.99475,1.251947215,0.001090616,1.10E-06
-0.9945,1.251947215,0.001090616,1.10E-06
-0.99425,1.255598197,0.001090616,1.10E-06
-0.994,1.259249179,0.001090616,1.10E-06
-0.99375,1.26290016,0.001090616,1.10E-06
-0.9935,1.26290016,0.001090616,1.10E-06
-0.99325,1.266551142,0.001090616,1.10E-06
-0.993,1.270202123,0.001090616,1.10E-06
-0.99275,1.270202123,0.004757705,4.79E-06
-0.9925,1.273853105,0.004757705,4.79E-06
-0.99225,1.277504086,0.004757705,4.79E-06
-0.992,1.277504086,0.001090616,1.10E-06
-0.99175,1.281155068,0.001090616,1.10E-06
-0.9915,1.284806049,0.001090616,1.10E-06
-0.99125,1.284806049,0.001090616,1.10E-06
-0.991,1.288457031,0.001090616,1.10E-06
-0.99075,1.292108013,0.001090616,1.10E-06
-0.9905,1.292108013,0.004757705,4.79E-06
-0.99025,1.295758994,0.004757705,4.79E-06
-0.99,1.299409976,0.004757705,4.79E-06
-0.98975,1.299409976,0.004757705,4.79E-06
-0.9895,1.303060957,0.001090616,1.10E-06
-0.98925,1.306711939,0.001090616,1.10E-06
-0.989,1.31036292,0.001090616,1.10E-06
-0.98875,1.314013902,0.004757705,4.79E-06
-0.9885,1.314013902,0.004757705,4.79E-06
-0.98825,1.317664883,0.004757705,4.79E-06
-0.988,1.317664883,0.001090616,1.10E-06
-0.98775,1.321315865,0.004757705,4.79E-06
-0.9875,1.321315865,0.004757705,4.79E-06
-0.98725,1.324966847,0.001090616,1.10E-06
-0.987,1.328617828,0.001090616,1.10E-06
-0.98675,1.328617828,0.001090616,1.10E-06
-0.9865,1.33226881,0.001090616,1.10E-06
-0.98625,1.33226881,0.001090616,1.10E-06
-0.986,1.335919791,0.001090616,1.10E-06
-0.98575,1.339570773,0.001090616,1.10E-06
-0.9855,1.339570773,0.001090616,1.10E-06
-0.98525,1.343221754,0.001090616,1.10E-06
-0.985,1.346872736,0.001090616,1.10E-06
-0.98475,1.350523718,0.001090616,1.10E-06
-0.9845,1.350523718,0.001090616,1.10E-06
-0.98425,1.354174699,0.004757705,4.79E-06
-0.984,1.357825681,0.004757705,4.79E-06
-0.98375,1.357825681,0.001090616,1.10E-06
-0.9835,1.361476662,0.001090616,1.10E-06
-0.98325,1.365127644,0.004757705,4.79E-06
-0.983,1.365127644,0.001090616,1.10E-06
-0.98275,1.368778625,0.004757705,4.79E-06
-0.9825,1.368778625,0.001090616,1.10E-06
-0.98225,1.372429607,0.001090616,1.10E-06
-0.982,1.376080588,0.001090616,1.10E-06
-0.98175,1.37973157,0.001090616,1.10E-06
-0.9815,1.37973157,0.001090616,1.10E-06
-0.98125,1.383382552,0.001090616,1.10E-06
-0.981,1.387033533,0.001090616,1.10E-06
-0.98075,1.387033533,0.001090616,1.10E-06
-0.9805,1.390684515,0.001090616,1.10E-06
-0.98025,1.394335496,0.001090616,1.10E-06
-0.98,1.394335496,0.001090616,1.10E-06
-0.97975,1.397986478,0.001090616,1.10E-06
-0.9795,1.401637459,0.001090616,1.10E-06
-0.97925,1.401637459,0.001090616,1.10E-06
-0.979,1.405288441,0.001090616,1.10E-06
-0.97875,1.408939422,0.001090616,1.10E-06
-0.9785,1.408939422,0.001090616,1.10E-06
-0.97825,1.412590404,0.001090616,1.10E-06
-0.978,1.416241386,0.001090616,1.10E-06
-0.97775,1.419892367,0.001090616,1.10E-06
-0.9775,1.419892367,0.001090616,1.10E-06
-0.97725,1.423543349,0.001090616,1.10E-06
-0.977,1.42719433,0.001090616,1.10E-06
-0.97675,1.42719433,0.001090616,1.10E-06
-0.9765,1.430845312,0.001090616,1.10E-06
-0.97625,1.430845312,0.001090616,1.10E-06
-0.976,1.434496293,0.001090616,1.10E-06
-0.97575,1.438147275,0.001090616,1.10E-06
-0.9755,1.438147275,0.001090616,1.10E-06
-0.97525,1.441798257,0.001090616,1.10E-06
-0.975,1.445449238,0.001090616,1.10E-06
-0.97475,1.44910022,0.001090616,1.10E-06
-0.9745,1.44910022,0.001090616,1.10E-06
-0.97425,1.452751201,0.001090616,1.10E-06
-0.974,1.456402183,0.001090616,1.10E-06
-0.97375,1.460053164,0.001090616,1.10E-06
-0.9735,1.460053164,0.001090616,1.10E-06
-0.97325,1.463704146,0.001090616,1.10E-06
-0.973,1.467355127,0.001090616,1.10E-06
-0.97275,1.467355127,0.001090616,1.10E-06
-0.9725,1.471006109,0.001090616,1.10E-06
-0.97225,1.471006109,0.001090616,1.10E-06
-0.972,1.474657091,0.004757705,4.79E-06
-0.97175,1.478308072,0.004757705,4.79E-06
-0.9715,1.481959054,0.001090616,1.10E-06
-0.97125,1.481959054,0.001090616,1.10E-06
-0.971,1.485610035,0.001090616,1.10E-06
-0.97075,1.489261017,0.001090616,1.10E-06
-0.9705,1.489261017,0.001090616,1.10E-06
-0.97025,1.492911998,0.001090616,1.10E-06
-0.97,1.492911998,0.004757705,4.79E-06
-0.96975,1.49656298,0.004757705,4.79E-06
-0.9695,1.500213962,0.004757705,4.79E-06
-0.96925,1.503864943,0.004757705,4.79E-06
-0.969,1.507515925,0.004757705,4.79E-06
-0.96875,1.507515925,0.001090616,1.10E-06
-0.9685,1.511166906,0.001090616,1.10E-06
-0.96825,1.511166906,0.001090616,1.10E-06
-0.968,1.514817888,0.001090616,1.10E-06
-0.96775,1.518468869,0.001090616,1.10E-06
-0.9675,1.518468869,0.001090616,1.10E-06
-0.96725,1.522119851,0.004757705,4.79E-06
-0.967,1.525770832,0.004757705,4.79E-06
-0.96675,1.525770832,0.001090616,1.10E-06
-0.9665,1.529421814,0.004757705,4.79E-06
-0.96625,1.533072796,0.004757705,4.79E-06
-0.966,1.536723777,0.004757705,4.79E-06
-0.96575,1.540374759,0.001090616,1.10E-06
-0.9655,1.540374759,0.001090616,1.10E-06
-0.96525,1.54402574,0.001090616,1.10E-06
-0.965,1.54402574,0.001090616,1.10E-06
-0.96475,1.547676722,0.004757705,4.79E-06
-0.9645,1.551327703,0.004757705,4.79E-06
-0.96425,1.554978685,0.004757705,4.79E-06
-0.964,1.554978685,0.001090616,1.10E-06
-0.96375,1.558629666,0.001090616,1.10E-06
-0.9635,1.562280648,0.001090616,1.10E-06
-0.96325,1.562280648,0.001090616,1.10E-06
-0.963,1.56593163,0.001090616,1.10E-06
-0.96275,1.569582611,0.004757705,4.79E-06
-0.9625,1.569582611,0.001090616,1.10E-06
-0.96225,1.573233593,0.004757705,4.79E-06
-0.962,1.576884574,0.001090616,1.10E-06
-0.96175,1.576884574,0.001090616,1.10E-06
-0.9615,1.580535556,0.004757705,4.79E-06
-0.96125,1.584186537,0.001090616,1.10E-06
-0.961,1.587837519,0.004757705,4.79E-06
-0.96075,1.587837519,0.001090616,1.10E-06
-0.9605,1.591488501,0.004757705,4.79E-06
-0.96025,1.595139482,0.004757705,4.79E-06
-0.96,1.595139482,0.004757705,4.79E-06
-0.95975,1.598790464,0.001090616,1.10E-06
-0.9595,1.602441445,0.004757705,4.79E-06
-0.95925,1.602441445,0.004757705,4.79E-06
-0.959,1.606092427,0.001090616,1.10E-06
-0.95875,1.609743408,0.004757705,4.79E-06
-0.9585,1.609743408,0.004757705,4.79E-06
-0.95825,1.61339439,0.004757705,4.79E-06
-0.958,1.617045371,0.001090616,1.10E-06
-0.95775,1.617045371,0.001090616,1.10E-06
-0.9575,1.620696353,0.001090616,1.10E-06
-0.95725,1.624347335,0.004757705,4.79E-06
-0.957,1.624347335,0.004757705,4.79E-06
-0.95675,1.627998316,0.001090616,1.10E-06
-0.9565,1.631649298,0.004757705,4.79E-06
-0.95625,1.631649298,0.004757705,4.79E-06
-0.956,1.635300279,0.001090616,1.10E-06
-0.95575,1.638951261,0.004757705,4.79E-06
-0.9555,1.638951261,0.001090616,1.10E-06
-0.95525,1.642602242,0.001090616,1.10E-06
-0.955,1.646253224,0.001090616,1.10E-06
-0.95475,1.646253224,0.001090616,1.10E-06
-0.9545,1.649904205,0.001090616,1.10E-06
-0.95425,1.653555187,0.001090616,1.10E-06
-0.954,1.653555187,0.001090616,1.10E-06
-0.95375,1.657206169,0.001090616,1.10E-06
-0.9535,1.66085715,0.001090616,1.10E-06
-0.95325,1.664508132,0.001090616,1.10E-06
-0.953,1.664508132,0.001090616,1.10E-06
-0.95275,1.668159113,0.001090616,1.10E-06
-0.9525,1.671810095,0.001090616,1.10E-06
-0.95225,1.675461076,0.001090616,1.10E-06
-0.952,1.675461076,0.001090616,1.10E-06
-0.95175,1.679112058,0.001090616,1.10E-06
-0.9515,1.68276304,0.001090616,1.10E-06
-0.95125,1.68276304,0.004757705,4.79E-06
-0.951,1.686414021,0.004757705,4.79E-06
-0.95075,1.690065003,0.004757705,4.79E-06
-0.9505,1.690065003,0.001090616,1.10E-06
-0.95025,1.693715984,0.001090616,1.10E-06
-0.95,1.697366966,0.001090616,1.10E-06
-0.94975,1.697366966,0.001090616,1.10E-06
-0.9495,1.701017947,0.004757705,4.79E-06
-0.94925,1.704668929,0.001090616,1.10E-06
-0.949,1.704668929,0.001090616,1.10E-06
-0.94875,1.70831991,0.004757705,4.79E-06
-0.9485,1.711970892,0.001090616,1.10E-06
-0.94825,1.715621874,0.004757705,4.79E-06
-0.948,1.715621874,0.004757705,4.79E-06
-0.94775,1.719272855,0.004757705,4.79E-06
-0.9475,1.719272855,0.001090616,1.10E-06
-0.94725,1.722923837,0.004757705,4.79E-06
-0.947,1.726574818,0.004757705,4.79E-06
-0.94675,1.7302258,0.004757705,4.79E-06
-0.9465,1.733876781,0.004757705,4.79E-06
-0.94625,1.733876781,0.004757705,4.79E-06
-0.946,1.737527763,0.004757705,4.79E-06
-0.94575,1.741178745,0.004757705,4.79E-06
-0.9455,1.741178745,0.004757705,4.79E-06
-0.94525,1.744829726,0.004757705,4.79E-06
-0.945,1.748480708,0.004757705,4.79E-06
-0.94475,1.748480708,0.001090616,1.10E-06
-0.9445,1.752131689,0.004757705,4.79E-06
-0.94425,1.755782671,0.004757705,4.79E-06
-0.944,1.759433652,0.004757705,4.79E-06
-0.94375,1.759433652,0.001090616,1.10E-06
-0.9435,1.763084634,0.001090616,1.10E-06
-0.94325,1.766735615,0.004757705,4.79E-06
-0.943,1.766735615,0.004757705,4.79E-06
-0.94275,1.770386597,0.004757705,4.79E-06
-0.9425,1.774037579,0.004757705,4.79E-06
-0.94225,1.77768856,0.004757705,4.79E-06
-0.942,1.77768856,0.004757705,4.79E-06
-0.94175,1.781339542,0.004757705,4.79E-06
-0.9415,1.784990523,0.001090616,1.10E-06
-0.94125,1.788641505,0.004757705,4.79E-06
-0.941,1.788641505,0.004757705,4.79E-06
-0.94075,1.792292486,0.004757705,4.79E-06
-0.9405,1.792292486,0.004757705,4.79E-06
-0.94025,1.795943468,0.004757705,4.79E-06
-0.94,1.799594449,0.004757705,4.79E-06
-0.93975,1.803245431,0.004757705,4.79E-06
-0.9395,1.803245431,0.004757705,4.79E-06
-0.93925,1.806896413,0.004757705,4.79E-06
-0.939,1.810547394,0.004757705,4.79E-06
-0.93875,1.810547394,0.004757705,4.79E-06
-0.9385,1.814198376,0.004757705,4.79E-06
-0.93825,1.817849357,0.004757705,4.79E-06
-0.938,1.817849357,0.001090616,1.10E-06
-0.93775,1.821500339,0.004757705,4.79E-06
-0.9375,1.82515132,0.004757705,4.79E-06
-0.93725,1.828802302,0.004757705,4.79E-06
-0.937,1.828802302,0.004757705,4.79E-06
-0.93675,1.832453284,0.004757705,4.79E-06
-0.9365,1.836104265,0.004757705,4.79E-06
-0.93625,1.836104265,0.004757705,4.79E-06
-0.936,1.839755247,0.004757705,4.79E-06
-0.93575,1.843406228,0.004757705,4.79E-06
-0.9355,1.843406228,0.004757705,4.79E-06
-0.93525,1.84705721,0.004757705,4.79E-06
-0.935,1.84705721,0.004757705,4.79E-06
-0.93475,1.850708191,0.004757705,4.79E-06
-0.9345,1.854359173,0.004757705,4.79E-06
-0.93425,1.858010154,0.004757705,4.79E-06
-0.934,1.858010154,0.004757705,4.79E-06
-0.93375,1.861661136,0.004757705,4.79E-06
-0.9335,1.865312118,0.004757705,4.79E-06
-0.93325,1.865312118,0.004757705,4.79E-06
-0.933,1.868963099,0.004757705,4.79E-06
-0.93275,1.872614081,0.004757705,4.79E-06
-0.9325,1.872614081,0.004757705,4.79E-06
-0.93225,1.876265062,0.004757705,4.79E-06
-0.932,1.879916044,0.004757705,4.79E-06
-0.93175,1.879916044,0.004757705,4.79E-06
-0.9315,1.883567025,0.004757705,4.79E-06
-0.93125,1.887218007,0.004757705,4.79E-06
-0.931,1.887218007,0.004757705,4.79E-06
-0.93075,1.890868988,0.004757705,4.79E-06
-0.9305,1.89451997,0.004757705,4.79E-06
-0.93025,1.89451997,0.004757705,4.79E-06
-0.93,1.898170952,0.004757705,4.79E-06
-0.92975,1.898170952,0.004757705,4.79E-06
-0.9295,1.901821933,0.004757705,4.79E-06
-0.92925,1.901821933,0.004757705,4.79E-06
-0.929,1.905472915,0.004757705,4.79E-06
-0.92875,1.909123896,0.004757705,4.79E-06
-0.9285,1.912774878,0.004757705,4.79E-06
-0.92825,1.912774878,0.004757705,4.79E-06
-0.928,1.916425859,0.004757705,4.79E-06
-0.92775,1.916425859,0.004757705,4.79E-06
-0.9275,1.920076841,0.004757705,4.79E-06
-0.92725,1.923727823,0.004757705,4.79E-06
-0.927,1.927378804,0.004757705,4.79E-06
-0.92675,1.927378804,0.004757705,4.79E-06
-0.9265,1.931029786,0.004757705,4.79E-06
-0.92625,1.934680767,0.004757705,4.79E-06
-0.926,1.934680767,0.004757705,4.79E-06
-0.92575,1.938331749,0.004757705,4.79E-06
-0.9255,1.938331749,0.004757705,4.79E-06
-0.92525,1.94198273,0.004757705,4.79E-06
-0.925,1.945633712,0.004757705,4.79E-06
-0.92475,1.949284693,0.004757705,4.79E-06
-0.9245,1.952935675,0.004757705,4.79E-06
-0.92425,1.952935675,0.004757705,4.79E-06
-0.924,1.956586657,0.004757705,4.79E-06
-0.92375,1.960237638,0.004757705,4.79E-06
-0.9235,1.960237638,0.004757705,4.79E-06
-0.92325,1.96388862,0.004757705,4.79E-06
-0.923,1.967539601,0.004757705,4.79E-06
-0.92275,1.971190583,0.004757705,4.79E-06
-0.9225,1.971190583,0.004757705,4.79E-06
-0.92225,1.974841564,0.004757705,4.79E-06
-0.922,1.974841564,0.004757705,4.79E-06
-0.92175,1.978492546,0.004757705,4.79E-06
-0.9215,1.982143527,0.004757705,4.79E-06
-0.92125,1.985794509,0.004757705,4.79E-06
-0.921,1.985794509,0.004757705,4.79E-06
-0.92075,1.989445491,0.004757705,4.79E-06
-0.9205,1.993096472,0.004757705,4.79E-06
-0.92025,1.996747454,0.004757705,4.79E-06
-0.92,1.996747454,0.004757705,4.79E-06
-0.91975,2.000398435,0.004757705,4.79E-06
-0.9195,2.004049417,0.004757705,4.79E-06
-0.91925,2.004049417,0.004757705,4.79E-06
-0.919,2.007700398,0.004757705,4.79E-06
-0.91875,2.01135138,0.004757705,4.79E-06
-0.9185,2.01135138,0.004757705,4.79E-06
-0.91825,2.015002362,0.004757705,4.79E-06
-0.918,2.015002362,0.004757705,4.79E-06
-0.91775,2.018653343,0.004757705,4.79E-06
-0.9175,2.022304325,0.004757705,4.79E-06
-0.91725,2.022304325,0.004757705,4.79E-06
-0.917,2.025955306,0.004757705,4.79E-06
-0.91675,2.029606288,0.004757705,4.79E-06
-0.9165,2.029606288,0.004757705,4.79E-06
-0.91625,2.033257269,0.004757705,4.79E-06
-0.916,2.036908251,0.004757705,4.79E-06
-0.91575,2.040559232,0.004757705,4.79E-06
-0.9155,2.040559232,0.004757705,4.79E-06
-0.91525,2.044210214,0.004757705,4.79E-06
-0.915,2.047861196,0.004757705,4.79E-06
-0.91475,2.047861196,0.004757705,4.79E-06
-0.9145,2.051512177,0.004757705,4.79E-06
-0.91425,2.055163159,0.004757705,4.79E-06
-0.914,2.055163159,0.004757705,4.79E-06
-0.91375,2.05881414,0.004757705,4.79E-06
-0.9135,2.062465122,0.004757705,4.79E-06
-0.91325,2.062465122,0.004757705,4.79E-06
-0.913,2.066116103,0.004757705,4.79E-06
-0.91275,2.069767085,0.004757705,4.79E-06
-0.9125,2.069767085,0.004757705,4.79E-06
-0.91225,2.073418067,0.004757705,4.79E-06
-0.912,2.077069048,0.004757705,4.79E-06
-0.91175,2.08072003,0.004757705,4.79E-06
-0.9115,2.08072003,0.004757705,4.79E-06
-0.91125,2.084371011,0.004757705,4.79E-06
-0.911,2.088021993,0.004757705,4.79E-06
-0.91075,2.088021993,0.004757705,4.79E-06
-0.9105,2.091672974,0.004757705,4.79E-06
-0.91025,2.091672974,0.004757705,4.79E-06
-0.91,2.095323956,0.004757705,4.79E-06
-0.90975,2.098974937,0.004757705,4.79E-06
-0.9095,2.098974937,0.004757705,4.79E-06
-0.90925,2.106276901,0.004757705,4.79E-06
-0.909,2.106276901,0.004757705,4.79E-06
-0.90875,2.109927882,0.004757705,4.79E-06
-0.9085,2.109927882,0.004757705,4.79E-06
-0.90825,2.113578864,0.004757705,4.79E-06
-0.908,2.117229845,0.004757705,4.79E-06
-0.90775,2.117229845,0.004757705,4.79E-06
-0.9075,2.120880827,0.004757705,4.79E-06
-0.90725,2.124531808,0.004757705,4.79E-06
-0.907,2.124531808,0.004757705,4.79E-06
-0.90675,2.12818279,0.004757705,4.79E-06
-0.9065,2.131833771,0.004757705,4.79E-06
-0.90625,2.135484753,0.004757705,4.79E-06
-0.906,2.135484753,0.004757705,4.79E-06
-0.90575,2.139135735,0.004757705,4.79E-06
-0.9055,2.142786716,0.004757705,4.79E-06
-0.90525,2.142786716,0.004757705,4.79E-06
-0.905,2.146437698,0.004757705,4.79E-06
-0.90475,2.146437698,0.004757705,4.79E-06
-0.9045,2.153739661,0.004757705,4.79E-06
-0.90425,2.153739661,0.004757705,4.79E-06
-0.904,2.157390642,0.004757705,4.79E-06
-0.90375,2.161041624,0.004757705,4.79E-06
-0.9035,2.161041624,0.004757705,4.79E-06
-0.90325,2.164692606,0.004757705,4.79E-06
-0.903,2.164692606,0.004757705,4.79E-06
-0.90275,2.168343587,0.004757705,4.79E-06
-0.9025,2.171994569,0.004757705,4.79E-06
-0.90225,2.171994569,0.004757705,4.79E-06
-0.902,2.179296532,0.004757705,4.79E-06
-0.90175,2.179296532,0.004757705,4.79E-06
-0.9015,2.182947513,0.004757705,4.79E-06
-0.90125,2.182947513,0.004757705,4.79E-06
-0.901,2.186598495,0.004757705,4.79E-06
-0.90075,2.190249476,0.004757705,4.79E-06
-0.9005,2.193900458,0.004757705,4.79E-06
-0.90025,2.19755144,0.004757705,4.79E-06
-0.9,2.19755144,0.004757705,4.79E-06
-0.89975,2.201202421,0.004757705,4.79E-06
-0.8995,2.201202421,0.004757705,4.79E-06
-0.89925,2.204853403,0.004757705,4.79E-06
-0.899,2.208504384,0.004757705,4.79E-06
-0.89875,2.212155366,0.004757705,4.79E-06
-0.8985,2.212155366,0.004757705,4.79E-06
-0.89825,2.215806347,0.004757705,4.79E-06
-0.898,2.219457329,0.004757705,4.79E-06
-0.89775,2.219457329,0.004757705,4.79E-06
-0.8975,2.22310831,0.004757705,4.79E-06
-0.89725,2.226759292,0.004757705,4.79E-06
-0.897,2.230410274,0.004757705,4.79E-06
-0.89675,2.230410274,0.004757705,4.79E-06
-0.8965,2.234061255,0.004757705,4.79E-06
-0.89625,2.234061255,0.004757705,4.79E-06
-0.896,2.237712237,0.004757705,4.79E-06
-0.89575,2.2450142,0.004757705,4.79E-06
-0.8955,2.2450142,0.004757705,4.79E-06
-0.89525,2.248665181,0.004757705,4.79E-06
-0.895,2.248665181,0.004757705,4.79E-06
-0.89475,2.252316163,0.004757705,4.79E-06
-0.8945,2.255967145,0.004757705,4.79E-06
-0.89425,2.255967145,0.004757705,4.79E-06
-0.894,2.259618126,0.004757705,4.79E-06
-0.89375,2.263269108,0.004757705,4.79E-06
-0.8935,2.263269108,0.004757705,4.79E-06
-0.89325,2.266920089,0.004757705,4.79E-06
-0.893,2.266920089,0.004757705,4.79E-06
-0.89275,2.270571071,0.004757705,4.79E-06
-0.8925,2.274222052,0.004757705,4.79E-06
-0.89225,2.274222052,0.004757705,4.79E-06
-0.892,2.277873034,0.004757705,4.79E-06
-0.89175,2.281524015,0.004757705,4.79E-06
-0.8915,2.285174997,0.004757705,4.79E-06
-0.89125,2.285174997,0.004757705,4.79E-06
-0.891,2.288825979,0.004757705,4.79E-06
-0.89075,2.288825979,0.004757705,4.79E-06
-0.8905,2.29247696,0.004757705,4.79E-06
-0.89025,2.296127942,0.004757705,4.79E-06
-0.89,2.296127942,0.004757705,4.79E-06
-0.88975,2.299778923,0.004757705,4.79E-06
-0.8895,2.303429905,0.004757705,4.79E-06
-0.88925,2.307080886,0.004757705,4.79E-06
-0.889,2.307080886,0.004757705,4.79E-06
-0.88875,2.310731868,0.004757705,4.79E-06
-0.8885,2.31438285,0.004757705,4.79E-06
-0.88825,2.31438285,0.004757705,4.79E-06
-0.888,2.318033831,0.004757705,4.79E-06
-0.88775,2.321684813,0.004757705,4.79E-06
-0.8875,2.325335794,0.004757705,4.79E-06
-0.88725,2.325335794,0.004757705,4.79E-06
-0.887,2.328986776,0.004757705,4.79E-06
-0.88675,2.328986776,0.001090616,1.10E-06
-0.8865,2.332637757,0.004757705,4.79E-06
-0.88625,2.336288739,0.004757705,4.79E-06
-0.886,2.336288739,0.004757705,4.79E-06
-0.88575,2.33993972,0.004757705,4.79E-06
-0.8855,2.343590702,0.004757705,4.79E-06
-0.88525,2.343590702,0.004757705,4.79E-06
-0.885,2.347241684,0.004757705,4.79E-06
-0.88475,2.350892665,0.004757705,4.79E-06
-0.8845,2.350892665,0.004757705,4.79E-06
-0.88425,2.354543647,0.004757705,4.79E-06
-0.884,2.358194628,0.004757705,4.79E-06
-0.88375,2.36184561,0.004757705,4.79E-06
-0.8835,2.36184561,0.004757705,4.79E-06
-0.88325,2.365496591,0.004757705,4.79E-06
-0.883,2.365496591,0.004757705,4.79E-06
-0.88275,2.369147573,0.004757705,4.79E-06
-0.8825,2.372798554,0.004757705,4.79E-06
-0.88225,2.376449536,0.004757705,4.79E-06
-0.882,2.376449536,0.004757705,4.79E-06
-0.88175,2.380100518,0.004757705,4.79E-06
-0.8815,2.383751499,0.004757705,4.79E-06
-0.88125,2.383751499,0.004757705,4.79E-06
-0.881,2.387402481,0.004757705,4.79E-06
-0.88075,2.391053462,0.004757705,4.79E-06
-0.8805,2.391053462,0.004757705,4.79E-06
-0.88025,2.394704444,0.004757705,4.79E-06
-0.88,2.398355425,0.004757705,4.79E-06
-0.87975,2.398355425,0.004757705,4.79E-06
-0.8795,2.402006407,0.004757705,4.79E-06
-0.87925,2.405657389,0.004757705,4.79E-06
-0.879,2.405657389,0.004757705,4.79E-06
-0.87875,2.40930837,0.004757705,4.79E-06
-0.8785,2.412959352,0.004757705,4.79E-06
-0.87825,2.412959352,0.004757705,4.79E-06
-0.878,2.416610333,0.004757705,4.79E-06
-0.87775,2.420261315,0.004757705,4.79E-06
-0.8775,2.420261315,0.004757705,4.79E-06
-0.87725,2.423912296,0.008424795,8.48E-06
-0.877,2.423912296,0.008424795,8.48E-06
-0.87675,2.427563278,0.004757705,4.79E-06
-0.8765,2.427563278,0.008424795,8.48E-06
-0.87625,2.431214259,0.008424795,8.48E-06
-0.876,2.434865241,0.008424795,8.48E-06
-0.87575,2.434865241,0.008424795,8.48E-06
-0.8755,2.442167204,0.008424795,8.48E-06
-0.87525,2.442167204,0.008424795,8.48E-06
-0.875,2.442167204,0.008424795,8.48E-06
-0.87475,2.445818186,0.008424795,8.48E-06
-0.8745,2.445818186,0.008424795,8.48E-06
-0.87425,2.449469167,0.008424795,8.48E-06
-0.874,2.449469167,0.008424795,8.48E-06
-0.87375,2.453120149,0.008424795,8.48E-06
-0.8735,2.45677113,0.012091884,1.22E-05
-0.87325,2.45677113,0.012091884,1.22E-05
-0.873,2.460422112,0.012091884,1.22E-05
-0.87275,2.460422112,0.015758973,1.59E-05
-0.8725,2.464073093,0.015758973,1.59E-05
-0.87225,2.464073093,0.015758973,1.59E-05
-0.872,2.464073093,0.015758973,1.59E-05
-0.87175,2.467724075,0.015758973,1.59E-05
-0.8715,2.471375057,0.015758973,1.59E-05
-0.87125,2.471375057,0.015758973,1.59E-05
-0.871,2.471375057,0.015758973,1.59E-05
-0.87075,2.475026038,0.019426063,1.96E-05
-0.8705,2.475026038,0.019426063,1.96E-05
-0.87025,2.475026038,0.019426063,1.96E-05
-0.87,2.47867702,0.019426063,1.96E-05
-0.86975,2.47867702,0.023093152,2.32E-05
-0.8695,2.482328001,0.023093152,2.32E-05
-0.86925,2.482328001,0.023093152,2.32E-05
-0.869,2.485978983,0.023093152,2.32E-05
-0.86875,2.485978983,0.026760241,2.69E-05
-0.8685,2.489629964,0.026760241,2.69E-05
-0.86825,2.489629964,0.026760241,2.69E-05
-0.868,2.489629964,0.026760241,2.69E-05
-0.86775,2.493280946,0.03042733,3.06E-05
-0.8675,2.493280946,0.03042733,3.06E-05
-0.86725,2.493280946,0.03042733,3.06E-05
-0.867,2.496931928,0.03409442,3.43E-05
-0.86675,2.496931928,0.03409442,3.43E-05
-0.8665,2.500582909,0.037761509,3.80E-05
-0.86625,2.500582909,0.037761509,3.80E-05
-0.866,2.500582909,0.037761509,3.80E-05
-0.86575,2.500582909,0.041428598,4.17E-05
-0.8655,2.504233891,0.041428598,4.17E-05
-0.86525,2.504233891,0.045095688,4.54E-05
-0.865,2.504233891,0.041428598,4.17E-05
-0.86475,2.507884872,0.045095688,4.54E-05
-0.8645,2.507884872,0.048762777,4.91E-05
-0.86425,2.511535854,0.048762777,4.91E-05
-0.864,2.507884872,0.048762777,4.91E-05
-0.86375,2.511535854,0.052429866,5.28E-05
-0.8635,2.511535854,0.056096956,5.65E-05
-0.86325,2.511535854,0.056096956,5.65E-05
-0.863,2.515186835,0.056096956,5.65E-05
-0.86275,2.515186835,0.059764045,6.02E-05
-0.8625,2.515186835,0.059764045,6.02E-05
-0.86225,2.515186835,0.059764045,6.02E-05
-0.862,2.515186835,0.063431134,6.39E-05
-0.86175,2.518837817,0.063431134,6.39E-05
-0.8615,2.518837817,0.067098224,6.75E-05
-0.86125,2.522488798,0.067098224,6.75E-05
-0.861,2.522488798,0.070765313,7.12E-05
-0.86075,2.522488798,0.070765313,7.12E-05
-0.8605,2.522488798,0.074432402,7.49E-05
-0.86025,2.522488798,0.074432402,7.49E-05
-0.86,2.522488798,0.074432402,7.49E-05
-0.85975,2.52613978,0.078099492,7.86E-05
-0.8595,2.52613978,0.078099492,7.86E-05
-0.85925,2.52613978,0.081766581,8.23E-05
-0.859,2.52613978,0.081766581,8.23E-05
-0.85875,2.529790762,0.08543367,8.60E-05
-0.8585,2.529790762,0.08910076,8.97E-05
-0.85825,2.529790762,0.08910076,8.97E-05
-0.858,2.529790762,0.092767849,9.34E-05
-0.85775,2.533441743,0.092767849,9.34E-05
-0.8575,2.533441743,0.096434938,9.71E-05
-0.85725,2.533441743,0.096434938,9.71E-05
-0.857,2.533441743,0.096434938,9.71E-05
-0.85675,2.533441743,0.100102028,0.000100773
-0.8565,2.533441743,0.103769117,0.000104464
-0.85625,2.537092725,0.103769117,0.000104464
-0.856,2.533441743,0.107436206,0.000108156
-0.85575,2.537092725,0.107436206,0.000108156
-0.8555,2.537092725,0.107436206,0.000108156
-0.85525,2.537092725,0.111103296,0.000111848
-0.855,2.537092725,0.114770385,0.000115539
-0.85475,2.537092725,0.114770385,0.000115539
-0.8545,2.540743706,0.114770385,0.000115539
-0.85425,2.540743706,0.118437474,0.000119231
-0.854,2.540743706,0.122104564,0.000122923
-0.85375,2.540743706,0.122104564,0.000122923
-0.8535,2.540743706,0.125771653,0.000126614
-0.85325,2.540743706,0.125771653,0.000126614
-0.853,2.540743706,0.129438742,0.000130306
-0.85275,2.544394688,0.129438742,0.000130306
-0.8525,2.544394688,0.133105832,0.000133998
-0.85225,2.544394688,0.136772921,0.000137689
-0.852,2.544394688,0.136772921,0.000137689
-0.85175,2.544394688,0.14044001,0.000141381
-0.8515,2.544394688,0.14044001,0.000141381
-0.85125,2.544394688,0.14044001,0.000141381
-0.851,2.544394688,0.1441071,0.000145073
-0.85075,2.548045669,0.147774189,0.000148764
-0.8505,2.548045669,0.147774189,0.000148764
-0.85025,2.548045669,0.151441278,0.000152456
-0.85,2.548045669,0.151441278,0.000152456
-0.84975,2.548045669,0.155108368,0.000156148
-0.8495,2.551696651,0.158775457,0.000159839
-0.84925,2.551696651,0.158775457,0.000159839
-0.849,2.551696651,0.162442546,0.000163531
-0.84875,2.551696651,0.162442546,0.000163531
-0.8485,2.551696651,0.166109636,0.000167223
-0.84825,2.551696651,0.169776725,0.000170914
-0.848,2.551696651,0.169776725,0.000170914
-0.84775,2.551696651,0.173443814,0.000174606
-0.8475,2.551696651,0.173443814,0.000174606
-0.84725,2.555347633,0.177110903,0.000178298
-0.847,2.555347633,0.180777993,0.000181989
-0.84675,2.555347633,0.180777993,0.000181989
-0.8465,2.555347633,0.180777993,0.000181989
-0.84625,2.555347633,0.184445082,0.000185681
-0.846,2.555347633,0.184445082,0.000185681
-0.84575,2.555347633,0.188112171,0.000189373
-0.8455,2.555347633,0.191779261,0.000193064
-0.84525,2.555347633,0.191779261,0.000193064
-0.845,2.555347633,0.19544635,0.000196756
-0.84475,2.558998614,0.19544635,0.000196756
-0.8445,2.555347633,0.199113439,0.000200447
-0.84425,2.558998614,0.199113439,0.000200447
-0.844,2.558998614,0.202780529,0.000204139
-0.84375,2.558998614,0.206447618,0.000207831
-0.8435,2.558998614,0.206447618,0.000207831
-0.84325,2.558998614,0.210114707,0.000211522
-0.843,2.558998614,0.210114707,0.000211522
-0.84275,2.562649596,0.213781797,0.000215214
-0.8425,2.562649596,0.213781797,0.000215214
-0.84225,2.562649596,0.213781797,0.000215214
-0.842,2.562649596,0.217448886,0.000218906
-0.84175,2.562649596,0.221115975,0.000222597
-0.8415,2.562649596,0.221115975,0.000222597
-0.84125,2.562649596,0.221115975,0.000222597
-0.841,2.562649596,0.224783065,0.000226289
-0.84075,2.562649596,0.228450154,0.000229981
-0.8405,2.562649596,0.228450154,0.000229981
-0.84025,2.562649596,0.232117243,0.000233672
-0.84,2.562649596,0.235784333,0.000237364
-0.83975,2.562649596,0.235784333,0.000237364
-0.8395,2.562649596,0.239451422,0.000241056
-0.83925,2.562649596,0.239451422,0.000241056
-0.839,2.566300577,0.243118511,0.000244747
-0.83875,2.566300577,0.243118511,0.000244747
-0.8385,2.566300577,0.246785601,0.000248439
-0.83825,2.566300577,0.25045269,0.000252131
-0.838,2.566300577,0.25045269,0.000252131
-0.83775,2.566300577,0.254119779,0.000255822
-0.8375,2.566300577,0.254119779,0.000255822
-0.83725,2.566300577,0.257786869,0.000259514
-0.837,2.569951559,0.261453958,0.000263206
-0.83675,2.566300577,0.261453958,0.000263206
-0.8365,2.569951559,0.265121047,0.000266897
-0.83625,2.569951559,0.265121047,0.000266897
-0.836,2.569951559,0.268788137,0.000270589
-0.83575,2.569951559,0.272455226,0.000274281
-0.8355,2.569951559,0.276122315,0.000277972
-0.83525,2.569951559,0.276122315,0.000277972
-0.835,2.569951559,0.279789405,0.000281664
-0.83475,2.57360254,0.283456494,0.000285356
-0.8345,2.569951559,0.283456494,0.000285356
-0.83425,2.57360254,0.283456494,0.000285356
-0.834,2.57360254,0.287123583,0.000289047
-0.83375,2.57360254,0.287123583,0.000289047
-0.8335,2.57360254,0.290790673,0.000292739
-0.83325,2.57360254,0.294457762,0.000296431
-0.833,2.57360254,0.294457762,0.000296431
-0.83275,2.57360254,0.298124851,0.000300122
-0.8325,2.57360254,0.301791941,0.000303814
-0.83225,2.57360254,0.301791941,0.000303814
-0.832,2.57360254,0.30545903,0.000307506
-0.83175,2.57360254,0.30545903,0.000307506
-0.8315,2.57360254,0.309126119,0.000311197
-0.83125,2.57360254,0.309126119,0.000311197
-0.831,2.57360254,0.312793208,0.000314889
-0.83075,2.577253522,0.316460298,0.000318581
-0.8305,2.577253522,0.320127387,0.000322272
-0.83025,2.577253522,0.323794476,0.000325964
-0.83,2.577253522,0.323794476,0.000325964
-0.82975,2.577253522,0.327461566,0.000329656
-0.8295,2.577253522,0.327461566,0.000329656
-0.82925,2.577253522,0.331128655,0.000333347
-0.829,2.577253522,0.331128655,0.000333347
-0.82875,2.577253522,0.334795744,0.000337039
-0.8285,2.577253522,0.334795744,0.000337039
-0.82825,2.577253522,0.338462834,0.000340731
-0.828,2.577253522,0.342129923,0.000344422
-0.82775,2.580904503,0.342129923,0.000344422
-0.8275,2.580904503,0.345797012,0.000348114
-0.82725,2.577253522,0.349464102,0.000351806
-0.827,2.580904503,0.349464102,0.000351806
-0.82675,2.580904503,0.353131191,0.000355497
-0.8265,2.580904503,0.35679828,0.000359189
-0.82625,2.580904503,0.36046537,0.00036288
-0.826,2.580904503,0.36046537,0.00036288
-0.82575,2.580904503,0.364132459,0.000366572
-0.8255,2.580904503,0.364132459,0.000366572
-0.82525,2.580904503,0.367799548,0.000370264
-0.825,2.580904503,0.371466638,0.000373955
-0.82475,2.580904503,0.371466638,0.000373955
-0.8245,2.580904503,0.375133727,0.000377647
-0.82425,2.580904503,0.375133727,0.000377647
-0.824,2.580904503,0.378800816,0.000381339
-0.82375,2.580904503,0.378800816,0.000381339
-0.8235,2.584555485,0.382467906,0.00038503
-0.82325,2.584555485,0.386134995,0.000388722
-0.823,2.584555485,0.389802084,0.000392414
-0.82275,2.584555485,0.393469174,0.000396105
-0.8225,2.584555485,0.393469174,0.000396105
-0.82225,2.584555485,0.397136263,0.000399797
-0.822,2.584555485,0.397136263,0.000399797
-0.82175,2.584555485,0.400803352,0.000403489
-0.8215,2.584555485,0.400803352,0.000403489
-0.82125,2.584555485,0.404470442,0.00040718
-0.821,2.584555485,0.408137531,0.000410872
-0.82075,2.584555485,0.408137531,0.000410872
-0.8205,2.584555485,0.41180462,0.000414564
-0.82025,2.588206467,0.41547171,0.000418255
-0.82,2.588206467,0.41547171,0.000418255
-0.81975,2.588206467,0.419138799,0.000421947
-0.8195,2.588206467,0.419138799,0.000421947
-0.81925,2.588206467,0.422805888,0.000425639
-0.819,2.588206467,0.426472978,0.00042933
-0.81875,2.588206467,0.426472978,0.00042933
-0.8185,2.588206467,0.430140067,0.000433022
-0.81825,2.588206467,0.433807156,0.000436714
-0.818,2.588206467,0.433807156,0.000436714
-0.81775,2.588206467,0.437474246,0.000440405
-0.8175,2.588206467,0.437474246,0.000440405
-0.81725,2.588206467,0.441141335,0.000444097
-0.817,2.588206467,0.441141335,0.000444097
-0.81675,2.588206467,0.444808424,0.000447789
-0.8165,2.588206467,0.444808424,0.000447789
-0.81625,2.588206467,0.448475514,0.00045148
-0.816,2.588206467,0.452142603,0.000455172
-0.81575,2.591857448,0.452142603,0.000455172
-0.8155,2.591857448,0.455809692,0.000458864
-0.81525,2.588206467,0.455809692,0.000458864
-0.815,2.591857448,0.459476781,0.000462555
-0.81475,2.591857448,0.459476781,0.000462555
-0.8145,2.591857448,0.463143871,0.000466247
-0.81425,2.591857448,0.463143871,0.000466247
-0.814,2.591857448,0.46681096,0.000469939
-0.81375,2.591857448,0.470478049,0.00047363
-0.8135,2.591857448,0.470478049,0.00047363
-0.81325,2.591857448,0.474145139,0.000477322
-0.813,2.591857448,0.477812228,0.000481014
-0.81275,2.591857448,0.477812228,0.000481014
-0.8125,2.591857448,0.481479317,0.000484705
-0.81225,2.591857448,0.481479317,0.000484705
-0.812,2.591857448,0.485146407,0.000488397
-0.81175,2.591857448,0.488813496,0.000492089
-0.8115,2.591857448,0.488813496,0.000492089
-0.81125,2.59550843,0.492480585,0.00049578
-0.811,2.59550843,0.496147675,0.000499472
-0.81075,2.59550843,0.496147675,0.000499472
-0.8105,2.591857448,0.496147675,0.000499472
-0.81025,2.59550843,0.499814764,0.000503164
-0.81,2.59550843,0.503481853,0.000506855
-0.80975,2.59550843,0.507148943,0.000510547
-0.8095,2.59550843,0.510816032,0.000514238
-0.80925,2.59550843,0.510816032,0.000514238
-0.809,2.59550843,0.514483121,0.00051793
-0.80875,2.59550843,0.514483121,0.00051793
-0.8085,2.59550843,0.518150211,0.000521622
-0.80825,2.59550843,0.518150211,0.000521622
-0.808,2.59550843,0.5218173,0.000525313
-0.80775,2.59550843,0.525484389,0.000529005
-0.8075,2.59550843,0.525484389,0.000529005
-0.80725,2.59550843,0.529151479,0.000532697
-0.807,2.59550843,0.532818568,0.000536388
-0.80675,2.599159411,0.536485657,0.00054008
-0.8065,2.599159411,0.536485657,0.00054008
-0.80625,2.599159411,0.540152747,0.000543772
-0.806,2.599159411,0.540152747,0.000543772
-0.80575,2.599159411,0.543819836,0.000547463
-0.8055,2.599159411,0.547486925,0.000551155
-0.80525,2.59550843,0.547486925,0.000551155
-0.805,2.599159411,0.551154015,0.000554847
-0.80475,2.599159411,0.551154015,0.000554847
-0.8045,2.599159411,0.554821104,0.000558538
-0.80425,2.599159411,0.558488193,0.00056223
-0.804,2.599159411,0.558488193,0.00056223
-0.80375,2.599159411,0.562155283,0.000565922
-0.8035,2.599159411,0.562155283,0.000565922
-0.80325,2.599159411,0.565822372,0.000569613
-0.803,2.599159411,0.569489461,0.000573305
-0.80275,2.599159411,0.569489461,0.000573305
-0.8025,2.602810393,0.573156551,0.000576997
-0.80225,2.599159411,0.57682364,0.000580688
-0.802,2.599159411,0.57682364,0.000580688
-0.80175,2.599159411,0.580490729,0.00058438
-0.8015,2.599159411,0.584157819,0.000588072
-0.80125,2.599159411,0.584157819,0.000588072
-0.801,2.599159411,0.587824908,0.000591763
-0.80075,2.602810393,0.591491997,0.000595455
-0.8005,2.602810393,0.591491997,0.000595455
-0.80025,2.602810393,0.595159086,0.000599147
-0.8,2.602810393,0.595159086,0.000599147
-0.79975,2.602810393,0.598826176,0.000602838
-0.7995,2.602810393,0.602493265,0.00060653
-0.79925,2.602810393,0.602493265,0.00060653
-0.799,2.602810393,0.606160354,0.000610222
-0.79875,2.602810393,0.606160354,0.000610222
-0.7985,2.602810393,0.609827444,0.000613913
-0.79825,2.602810393,0.613494533,0.000617605
-0.798,2.602810393,0.613494533,0.000617605
-0.79775,2.602810393,0.617161622,0.000621297
-0.7975,2.602810393,0.620828712,0.000624988
-0.79725,2.602810393,0.620828712,0.000624988
-0.797,2.602810393,0.624495801,0.00062868
-0.79675,2.602810393,0.624495801,0.00062868
-0.7965,2.602810393,0.62816289,0.000632372
-0.79625,2.602810393,0.63182998,0.000636063
-0.796,2.602810393,0.635497069,0.000639755
-0.79575,2.602810393,0.635497069,0.000639755
-0.7955,2.602810393,0.639164158,0.000643447
-0.79525,2.606461374,0.642831248,0.000647138
-0.795,2.606461374,0.642831248,0.000647138
-0.79475,2.606461374,0.646498337,0.00065083
-0.7945,2.602810393,0.650165426,0.000654522
-0.79425,2.606461374,0.650165426,0.000654522
-0.794,2.606461374,0.653832516,0.000658213
-0.79375,2.606461374,0.657499605,0.000661905
-0.7935,2.606461374,0.657499605,0.000661905
-0.79325,2.606461374,0.661166694,0.000665597
-0.793,2.606461374,0.661166694,0.000665597
-0.79275,2.606461374,0.664833784,0.000669288
-0.7925,2.606461374,0.664833784,0.000669288
-0.79225,2.606461374,0.668500873,0.00067298
-0.792,2.606461374,0.672167962,0.000676671
-0.79175,2.606461374,0.672167962,0.000676671
-0.7915,2.606461374,0.675835052,0.000680363
-0.79125,2.606461374,0.679502141,0.000684055
-0.791,2.606461374,0.679502141,0.000684055
-0.79075,2.606461374,0.679502141,0.000684055
-0.7905,2.606461374,0.68316923,0.000687746
-0.79025,2.606461374,0.68683632,0.000691438
-0.79,2.606461374,0.68683632,0.000691438
-0.78975,2.610112356,0.690503409,0.00069513
-0.7895,2.606461374,0.690503409,0.00069513
-0.78925,2.610112356,0.694170498,0.000698821
-0.789,2.610112356,0.697837588,0.000702513
-0.78875,2.610112356,0.697837588,0.000702513
-0.7885,2.610112356,0.701504677,0.000706205
-0.78825,2.606461374,0.705171766,0.000709896
-0.788,2.610112356,0.705171766,0.000709896
-0.78775,2.610112356,0.708838856,0.000713588
-0.7875,2.610112356,0.708838856,0.000713588
-0.78725,2.610112356,0.712505945,0.00071728
-0.787,2.610112356,0.716173034,0.000720971
-0.78675,2.610112356,0.719840124,0.000724663
-0.7865,2.610112356,0.719840124,0.000724663
-0.78625,2.610112356,0.723507213,0.000728355
-0.786,2.610112356,0.727174302,0.000732046
-0.78575,2.610112356,0.727174302,0.000732046
-0.7855,2.610112356,0.727174302,0.000732046
-0.78525,2.610112356,0.730841392,0.000735738
-0.785,2.610112356,0.734508481,0.00073943
-0.78475,2.610112356,0.73817557,0.000743121
-0.7845,2.610112356,0.73817557,0.000743121
-0.78425,2.610112356,0.741842659,0.000746813
-0.784,2.610112356,0.745509749,0.000750505
-0.78375,2.613763337,0.749176838,0.000754196
-0.7835,2.613763337,0.749176838,0.000754196
-0.78325,2.610112356,0.749176838,0.000754196
-0.783,2.613763337,0.752843927,0.000757888
-0.78275,2.610112356,0.756511017,0.00076158
-0.7825,2.613763337,0.760178106,0.000765271
-0.78225,2.613763337,0.760178106,0.000765271
-0.782,2.613763337,0.763845195,0.000768963
-0.78175,2.613763337,0.767512285,0.000772655
-0.7815,2.613763337,0.767512285,0.000772655
-0.78125,2.613763337,0.771179374,0.000776346
-0.781,2.613763337,0.771179374,0.000776346
-0.78075,2.613763337,0.774846463,0.000780038
-0.7805,2.613763337,0.778513553,0.00078373
-0.78025,2.613763337,0.782180642,0.000787421
-0.78,2.613763337,0.782180642,0.000787421
-0.77975,2.613763337,0.785847731,0.000791113
-0.7795,2.613763337,0.789514821,0.000794805
-0.77925,2.613763337,0.789514821,0.000794805
-0.779,2.613763337,0.79318191,0.000798496
-0.77875,2.613763337,0.79318191,0.000798496
-0.7785,2.613763337,0.796848999,0.000802188
-0.77825,2.613763337,0.800516089,0.00080588
-0.778,2.613763337,0.804183178,0.000809571
-0.77775,2.613763337,0.804183178,0.000809571
-0.7775,2.613763337,0.807850267,0.000813263
-0.77725,2.613763337,0.807850267,0.000813263
-0.777,2.613763337,0.811517357,0.000816955
-0.77675,2.613763337,0.815184446,0.000820646
-0.7765,2.617414319,0.815184446,0.000820646
-0.77625,2.617414319,0.818851535,0.000824338
-0.776,2.617414319,0.822518625,0.000828029
-0.77575,2.617414319,0.822518625,0.000828029
-0.7755,2.617414319,0.826185714,0.000831721
-0.77525,2.617414319,0.829852803,0.000835413
-0.775,2.617414319,0.829852803,0.000835413
-0.77475,2.617414319,0.833519893,0.000839104
-0.7745,2.617414319,0.833519893,0.000839104
-0.77425,2.617414319,0.837186982,0.000842796
-0.774,2.617414319,0.840854071,0.000846488
-0.77375,2.617414319,0.844521161,0.000850179
-0.7735,2.617414319,0.844521161,0.000850179
-0.77325,2.617414319,0.84818825,0.000853871
-0.773,2.617414319,0.84818825,0.000853871
-0.77275,2.617414319,0.851855339,0.000857563
-0.7725,2.617414319,0.855522429,0.000861254
-0.77225,2.617414319,0.855522429,0.000861254
-0.772,2.621065301,0.859189518,0.000864946
-0.77175,2.621065301,0.862856607,0.000868638
-0.7715,2.617414319,0.866523697,0.000872329
-0.77125,2.617414319,0.866523697,0.000872329
-0.771,2.617414319,0.870190786,0.000876021
-0.77075,2.617414319,0.873857875,0.000879713
-0.7705,2.617414319,0.873857875,0.000879713
-0.77025,2.617414319,0.877524964,0.000883404
-0.77,2.617414319,0.877524964,0.000883404
-0.76975,2.621065301,0.881192054,0.000887096
-0.7695,2.621065301,0.884859143,0.000890788
-0.76925,2.621065301,0.884859143,0.000890788
-0.769,2.621065301,0.888526232,0.000894479
-0.76875,2.621065301,0.892193322,0.000898171
-0.7685,2.621065301,0.892193322,0.000898171
-0.76825,2.621065301,0.895860411,0.000901863
-0.768,2.621065301,0.8995275,0.000905554
-0.76775,2.621065301,0.8995275,0.000905554
-0.7675,2.621065301,0.90319459,0.000909246
-0.76725,2.621065301,0.90319459,0.000909246
-0.767,2.621065301,0.906861679,0.000912938
-0.76675,2.621065301,0.910528768,0.000916629
-0.7665,2.621065301,0.910528768,0.000916629
-0.76625,2.621065301,0.914195858,0.000920321
-0.766,2.621065301,0.914195858,0.000920321
-0.76575,2.621065301,0.917862947,0.000924013
-0.7655,2.621065301,0.921530036,0.000927704
-0.76525,2.621065301,0.921530036,0.000927704
-0.765,2.621065301,0.925197126,0.000931396
-0.76475,2.621065301,0.925197126,0.000931396
-0.7645,2.624716282,0.928864215,0.000935088
-0.76425,2.624716282,0.928864215,0.000935088
-0.764,2.621065301,0.932531304,0.000938779
-0.76375,2.624716282,0.936198394,0.000942471
-0.7635,2.624716282,0.939865483,0.000946163
-0.76325,2.624716282,0.939865483,0.000946163
-0.763,2.624716282,0.943532572,0.000949854
-0.76275,2.624716282,0.947199662,0.000953546
-0.7625,2.624716282,0.947199662,0.000953546
-0.76225,2.624716282,0.950866751,0.000957238
-0.762,2.624716282,0.950866751,0.000957238
-0.76175,2.624716282,0.95453384,0.000960929
-0.7615,2.624716282,0.95453384,0.000960929
-0.76125,2.624716282,0.95820093,0.000964621
-0.761,2.624716282,0.961868019,0.000968313
-0.76075,2.624716282,0.965535108,0.000972004
-0.7605,2.624716282,0.965535108,0.000972004
-0.76025,2.624716282,0.969202198,0.000975696
-0.76,2.624716282,0.969202198,0.000975696
-0.75975,2.624716282,0.972869287,0.000979388
-0.7595,2.628367264,0.976536376,0.000983079
-0.75925,2.624716282,0.976536376,0.000983079
-0.759,2.624716282,0.980203466,0.000986771
-0.75875,2.624716282,0.983870555,0.000990462
-0.7585,2.624716282,0.987537644,0.000994154
-0.75825,2.624716282,0.987537644,0.000994154
-0.758,2.624716282,0.991204734,0.000997846
-0.75775,2.624716282,0.991204734,0.000997846
-0.7575,2.624716282,0.994871823,0.001001537
-0.75725,2.624716282,0.994871823,0.001001537
-0.757,2.624716282,0.998538912,0.001005229
-0.75675,2.624716282,1.002206002,0.001008921
-0.7565,2.624716282,1.002206002,0.001008921
-0.75625,2.624716282,1.005873091,0.001012612
-0.756,2.628367264,1.005873091,0.001012612
-0.75575,2.628367264,1.00954018,0.001016304
-0.7555,2.624716282,1.01320727,0.001019996
-0.75525,2.624716282,1.01320727,0.001019996
-0.755,2.628367264,1.016874359,0.001023687
-0.75475,2.628367264,1.020541448,0.001027379
-0.7545,2.628367264,1.020541448,0.001027379
-0.75425,2.628367264,1.024208537,0.001031071
-0.754,2.628367264,1.024208537,0.001031071
-0.75375,2.628367264,1.027875627,0.001034762
-0.7535,2.628367264,1.031542716,0.001038454
-0.75325,2.628367264,1.031542716,0.001038454
-0.753,2.628367264,1.035209805,0.001042146
-0.75275,2.628367264,1.038876895,0.001045837
-0.7525,2.628367264,1.042543984,0.001049529
-0.75225,2.628367264,1.042543984,0.001049529
-0.752,2.628367264,1.046211073,0.001053221
-0.75175,2.628367264,1.046211073,0.001053221
-0.7515,2.628367264,1.049878163,0.001056912
-0.75125,2.628367264,1.049878163,0.001056912
-0.751,2.628367264,1.053545252,0.001060604
-0.75075,2.632018245,1.057212341,0.001064296
-0.7505,2.628367264,1.060879431,0.001067987
-0.75025,2.628367264,1.060879431,0.001067987
-0.75,2.628367264,1.06454652,0.001071679
-0.74975,2.632018245,1.068213609,0.001075371
-0.7495,2.632018245,1.068213609,0.001075371
-0.74925,2.628367264,1.071880699,0.001079062
-0.749,2.632018245,1.075547788,0.001082754
-0.74875,2.632018245,1.075547788,0.001082754
-0.7485,2.632018245,1.079214877,0.001086446
-0.74825,2.632018245,1.079214877,0.001086446
-0.748,2.628367264,1.082881967,0.001090137
-0.74775,2.628367264,1.086549056,0.001093829
-0.7475,2.628367264,1.090216145,0.001097521
-0.74725,2.632018245,1.090216145,0.001097521
-0.747,2.632018245,1.093883235,0.001101212
-0.74675,2.632018245,1.097550324,0.001104904
-0.7465,2.632018245,1.097550324,0.001104904
-0.74625,2.632018245,1.101217413,0.001108596
-0.746,2.632018245,1.101217413,0.001108596
-0.74575,2.632018245,1.104884503,0.001112287
-0.7455,2.632018245,1.108551592,0.001115979
-0.74525,2.632018245,1.112218681,0.001119671
-0.745,2.632018245,1.112218681,0.001119671
-0.74475,2.632018245,1.115885771,0.001123362
-0.7445,2.632018245,1.11955286,0.001127054
-0.74425,2.632018245,1.11955286,0.001127054
-0.744,2.632018245,1.123219949,0.001130746
-0.74375,2.632018245,1.126887039,0.001134437
-0.7435,2.632018245,1.126887039,0.001134437
-0.74325,2.632018245,1.130554128,0.001138129
-0.743,2.632018245,1.130554128,0.001138129
-0.74275,2.632018245,1.134221217,0.00114182
-0.7425,2.632018245,1.137888307,0.001145512
-0.74225,2.632018245,1.137888307,0.001145512
-0.742,2.632018245,1.141555396,0.001149204
-0.74175,2.632018245,1.145222485,0.001152895
-0.7415,2.635669227,1.145222485,0.001152895
-0.74125,2.635669227,1.148889575,0.001156587
-0.741,2.632018245,1.148889575,0.001156587
-0.74075,2.635669227,1.152556664,0.001160279
-0.7405,2.635669227,1.156223753,0.00116397
-0.74025,2.632018245,1.156223753,0.00116397
-0.74,2.635669227,1.156223753,0.00116397
-0.73975,2.632018245,1.159890842,0.001167662
-0.7395,2.635669227,1.163557932,0.001171354
-0.73925,2.635669227,1.167225021,0.001175045
-0.739,2.635669227,1.167225021,0.001175045
-0.73875,2.635669227,1.17089211,0.001178737
-0.7385,2.635669227,1.1745592,0.001182429
-0.73825,2.635669227,1.1745592,0.001182429
-0.738,2.635669227,1.178226289,0.00118612
-0.73775,2.635669227,1.178226289,0.00118612
-0.7375,2.635669227,1.181893378,0.001189812
-0.73725,2.635669227,1.185560468,0.001193504
-0.737,2.635669227,1.185560468,0.001193504
-0.73675,2.635669227,1.189227557,0.001197195
-0.7365,2.635669227,1.192894646,0.001200887
-0.73625,2.635669227,1.192894646,0.001200887
-0.736,2.635669227,1.196561736,0.001204579
-0.73575,2.635669227,1.200228825,0.00120827
-0.7355,2.635669227,1.200228825,0.00120827
-0.73525,2.635669227,1.203895914,0.001211962
-0.735,2.635669227,1.207563004,0.001215654
-0.73475,2.635669227,1.207563004,0.001215654
-0.7345,2.635669227,1.211230093,0.001219345
-0.73425,2.639320208,1.214897182,0.001223037
-0.734,2.635669227,1.214897182,0.001223037
-0.73375,2.639320208,1.218564272,0.001226729
-0.7335,2.635669227,1.222231361,0.00123042
-0.73325,2.635669227,1.222231361,0.00123042
-0.733,2.635669227,1.22589845,0.001234112
-0.73275,2.635669227,1.22589845,0.001234112
-0.7325,2.635669227,1.233232629,0.001241495
-0.73225,2.639320208,1.233232629,0.001241495
-0.732,2.639320208,1.236899718,0.001245187
-0.73175,2.639320208,1.240566808,0.001248879
-0.7315,2.639320208,1.240566808,0.001248879
-0.73125,2.639320208,1.244233897,0.00125257
-0.731,2.639320208,1.244233897,0.00125257
-0.73075,2.639320208,1.247900986,0.001256262
-0.7305,2.639320208,1.251568076,0.001259954
-0.73025,2.639320208,1.251568076,0.001259954
-0.73,2.639320208,1.255235165,0.001263645
-0.72975,2.639320208,1.258902254,0.001267337
-0.7295,2.639320208,1.258902254,0.001267337
-0.72925,2.639320208,1.262569344,0.001271029
-0.729,2.639320208,1.262569344,0.001271029
-0.72875,2.639320208,1.266236433,0.00127472
-0.7285,2.639320208,1.269903522,0.001278412
-0.72825,2.639320208,1.273570612,0.001282104
-0.728,2.639320208,1.273570612,0.001282104
-0.72775,2.639320208,1.277237701,0.001285795
-0.7275,2.639320208,1.28090479,0.001289487
-0.72725,2.639320208,1.28457188,0.001293179
-0.727,2.639320208,1.28457188,0.001293179
-0.72675,2.639320208,1.288238969,0.00129687
-0.7265,2.639320208,1.288238969,0.00129687
-0.72625,2.639320208,1.291906058,0.001300562
-0.726,2.639320208,1.295573148,0.001304253
-0.72575,2.639320208,1.299240237,0.001307945
-0.7255,2.639320208,1.299240237,0.001307945
-0.72525,2.64297119,1.302907326,0.001311637
-0.725,2.64297119,1.302907326,0.001311637
-0.72475,2.64297119,1.306574415,0.001315328
-0.7245,2.639320208,1.306574415,0.001315328
-0.72425,2.64297119,1.310241505,0.00131902
-0.724,2.64297119,1.313908594,0.001322712
-0.72375,2.64297119,1.317575683,0.001326403
-0.7235,2.64297119,1.321242773,0.001330095
-0.72325,2.64297119,1.321242773,0.001330095
-0.723,2.64297119,1.324909862,0.001333787
-0.72275,2.64297119,1.324909862,0.001333787
-0.7225,2.64297119,1.328576951,0.001337478
-0.72225,2.64297119,1.332244041,0.00134117
-0.722,2.64297119,1.332244041,0.00134117
-0.72175,2.64297119,1.33591113,0.001344862
-0.7215,2.64297119,1.339578219,0.001348553
-0.72125,2.64297119,1.339578219,0.001348553
-0.721,2.64297119,1.343245309,0.001352245
-0.72075,2.64297119,1.346912398,0.001355937
-0.7205,2.64297119,1.346912398,0.001355937
-0.72025,2.64297119,1.350579487,0.001359628
-0.72,2.646622172,1.354246577,0.00136332
-0.71975,2.64297119,1.357913666,0.001367012
-0.7195,2.64297119,1.357913666,0.001367012
-0.71925,2.64297119,1.361580755,0.001370703
-0.719,2.646622172,1.361580755,0.001370703
-0.71875,2.646622172,1.365247845,0.001374395
-0.7185,2.646622172,1.368914934,0.001378087
-0.71825,2.64297119,1.368914934,0.001378087
-0.718,2.64297119,1.372582023,0.001381778
-0.71775,2.646622172,1.376249113,0.00138547
-0.7175,2.646622172,1.376249113,0.00138547
-0.71725,2.64297119,1.379916202,0.001389162
-0.717,2.646622172,1.379916202,0.001389162
-0.71675,2.646622172,1.383583291,0.001392853
-0.7165,2.64297119,1.383583291,0.001392853
-0.71625,2.646622172,1.387250381,0.001396545
-0.716,2.646622172,1.39091747,0.001400237
-0.71575,2.646622172,1.39091747,0.001400237
-0.7155,2.646622172,1.394584559,0.001403928
-0.71525,2.646622172,1.394584559,0.001403928
-0.715,2.646622172,1.398251649,0.00140762
-0.71475,2.646622172,1.401918738,0.001411312
-0.7145,2.646622172,1.405585827,0.001415003
-0.71425,2.646622172,1.405585827,0.001415003
-0.714,2.646622172,1.409252917,0.001418695
-0.71375,2.646622172,1.409252917,0.001418695
-0.7135,2.646622172,1.412920006,0.001422387
-0.71325,2.646622172,1.412920006,0.001422387
-0.713,2.646622172,1.416587095,0.001426078
-0.71275,2.646622172,1.420254185,0.00142977
-0.7125,2.646622172,1.423921274,0.001433462
-0.71225,2.646622172,1.423921274,0.001433462
-0.712,2.646622172,1.427588363,0.001437153
-0.71175,2.646622172,1.431255453,0.001440845
-0.7115,2.646622172,1.431255453,0.001440845
-0.71125,2.646622172,1.434922542,0.001444537
-0.711,2.646622172,1.438589631,0.001448228
-0.71075,2.650273153,1.438589631,0.001448228
-0.7105,2.646622172,1.44225672,0.00145192
-0.71025,2.650273153,1.44592381,0.001455611
-0.71,2.650273153,1.449590899,0.001459303
-0.70975,2.650273153,1.449590899,0.001459303
-0.7095,2.650273153,1.453257988,0.001462995
-0.70925,2.650273153,1.453257988,0.001462995
-0.709,2.650273153,1.456925078,0.001466686
-0.70875,2.650273153,1.460592167,0.001470378
-0.7085,2.650273153,1.460592167,0.001470378
-0.70825,2.650273153,1.464259256,0.00147407
-0.708,2.650273153,1.467926346,0.001477761
-0.70775,2.650273153,1.471593435,0.001481453
-0.7075,2.650273153,1.471593435,0.001481453
-0.70725,2.650273153,1.475260524,0.001485145
-0.707,2.650273153,1.475260524,0.001485145
-0.70675,2.650273153,1.478927614,0.001488836
-0.7065,2.650273153,1.482594703,0.001492528
-0.70625,2.650273153,1.482594703,0.001492528
-0.706,2.650273153,1.486261792,0.00149622
-0.70575,2.650273153,1.489928882,0.001499911
-0.7055,2.650273153,1.489928882,0.001499911
-0.70525,2.653924135,1.493595971,0.001503603
-0.705,2.650273153,1.49726306,0.001507295
-0.70475,2.650273153,1.49726306,0.001507295
-0.7045,2.650273153,1.50093015,0.001510986
-0.70425,2.650273153,1.504597239,0.001514678
-0.704,2.650273153,1.504597239,0.001514678
-0.70375,2.650273153,1.508264328,0.00151837
-0.7035,2.650273153,1.511931418,0.001522061
-0.70325,2.650273153,1.515598507,0.001525753
-0.703,2.650273153,1.515598507,0.001525753
-0.70275,2.650273153,1.519265596,0.001529445
-0.7025,2.650273153,1.519265596,0.001529445
-0.70225,2.650273153,1.522932686,0.001533136
-0.702,2.650273153,1.522932686,0.001533136
-0.70175,2.650273153,1.526599775,0.001536828
-0.7015,2.650273153,1.530266864,0.00154052
-0.70125,2.650273153,1.533933954,0.001544211
-0.701,2.653924135,1.533933954,0.001544211
-0.70075,2.653924135,1.537601043,0.001547903
-0.7005,2.650273153,1.541268132,0.001551595
-0.70025,2.653924135,1.541268132,0.001551595
-0.7,2.653924135,1.544935222,0.001555286
-0.69975,2.653924135,1.544935222,0.001555286
-0.6995,2.653924135,1.544935222,0.001555286
-0.69925,2.653924135,1.548602311,0.001558978
-0.699,2.653924135,1.5522694,0.00156267
-0.69875,2.653924135,1.5522694,0.00156267
-0.6985,2.653924135,1.55593649,0.001566361
-0.69825,2.653924135,1.559603579,0.001570053
-0.698,2.653924135,1.563270668,0.001573745
-0.69775,2.653924135,1.563270668,0.001573745
-0.6975,2.653924135,1.566937758,0.001577436
-0.69725,2.653924135,1.570604847,0.001581128
-0.697,2.653924135,1.570604847,0.001581128
-0.69675,2.653924135,1.574271936,0.00158482
-0.6965,2.653924135,1.574271936,0.00158482
-0.69625,2.653924135,1.577939025,0.001588511
-0.696,2.653924135,1.581606115,0.001592203
-0.69575,2.653924135,1.585273204,0.001595895
-0.6955,2.653924135,1.585273204,0.001595895
-0.69525,2.653924135,1.588940293,0.001599586
-0.695,2.653924135,1.592607383,0.001603278
-0.69475,2.653924135,1.592607383,0.001603278
-0.6945,2.653924135,1.596274472,0.00160697
-0.69425,2.653924135,1.596274472,0.00160697
-0.694,2.653924135,1.599941561,0.001610661
-0.69375,2.653924135,1.599941561,0.001610661
-0.6935,2.653924135,1.603608651,0.001614353
-0.69325,2.653924135,1.60727574,0.001618044
-0.693,2.653924135,1.60727574,0.001618044
-0.69275,2.653924135,1.60727574,0.001618044
-0.6925,2.653924135,1.610942829,0.001621736
-0.69225,2.653924135,1.614609919,0.001625428
-0.692,2.653924135,1.614609919,0.001625428
-0.69175,2.653924135,1.618277008,0.001629119
-0.6915,2.653924135,1.621944097,0.001632811
-0.69125,2.653924135,1.621944097,0.001632811
-0.691,2.653924135,1.625611187,0.001636503
-0.69075,2.657575116,1.629278276,0.001640194
-0.6905,2.653924135,1.629278276,0.001640194
-0.69025,2.653924135,1.632945365,0.001643886
-0.69,2.653924135,1.636612455,0.001647578
-0.68975,2.653924135,1.636612455,0.001647578
-0.6895,2.657575116,1.640279544,0.001651269
-0.68925,2.657575116,1.643946633,0.001654961
-0.689,2.657575116,1.643946633,0.001654961
-0.68875,2.657575116,1.647613723,0.001658653
-0.6885,2.657575116,1.647613723,0.001658653
-0.68825,2.657575116,1.651280812,0.001662344
-0.688,2.657575116,1.654947901,0.001666036
-0.68775,2.653924135,1.658614991,0.001669728
-0.6875,2.657575116,1.658614991,0.001669728
-0.68725,2.657575116,1.66228208,0.001673419
-0.687,2.657575116,1.665949169,0.001677111
-0.68675,2.657575116,1.665949169,0.001677111
-0.6865,2.657575116,1.669616259,0.001680803
-0.68625,2.657575116,1.669616259,0.001680803
-0.686,2.657575116,1.673283348,0.001684494
-0.68575,2.657575116,1.676950437,0.001688186
-0.6855,2.657575116,1.680617527,0.001691878
-0.68525,2.657575116,1.680617527,0.001691878
-0.685,2.657575116,1.684284616,0.001695569
-0.68475,2.657575116,1.687951705,0.001699261
-0.6845,2.657575116,1.691618795,0.001702953
-0.68425,2.657575116,1.691618795,0.001702953
-0.684,2.657575116,1.695285884,0.001706644
-0.68375,2.657575116,1.695285884,0.001706644
-0.6835,2.657575116,1.698952973,0.001710336
-0.68325,2.657575116,1.702620063,0.001714028
-0.683,2.657575116,1.706287152,0.001717719
-0.68275,2.657575116,1.706287152,0.001717719
-0.6825,2.657575116,1.709954241,0.001721411
-0.68225,2.657575116,1.713621331,0.001725103
-0.682,2.657575116,1.713621331,0.001725103
-0.68175,2.657575116,1.71728842,0.001728794
-0.6815,2.661226098,1.720955509,0.001732486
-0.68125,2.657575116,1.720955509,0.001732486
-0.681,2.657575116,1.724622598,0.001736178
-0.68075,2.657575116,1.728289688,0.001739869
-0.6805,2.657575116,1.728289688,0.001739869
-0.68025,2.661226098,1.731956777,0.001743561
-0.68,2.657575116,1.735623866,0.001747253
-0.67975,2.661226098,1.735623866,0.001747253
-0.6795,2.661226098,1.739290956,0.001750944
-0.67925,2.657575116,1.739290956,0.001750944
-0.679,2.657575116,1.742958045,0.001754636
-0.67875,2.657575116,1.746625134,0.001758328
-0.6785,2.661226098,1.746625134,0.001758328
-0.67825,2.661226098,1.750292224,0.001762019
-0.678,2.661226098,1.753959313,0.001765711
-0.67775,2.661226098,1.757626402,0.001769402
-0.6775,2.661226098,1.757626402,0.001769402
-0.67725,2.661226098,1.757626402,0.001769402
-0.677,2.661226098,1.761293492,0.001773094
-0.67675,2.661226098,1.764960581,0.001776786
-0.6765,2.661226098,1.76862767,0.001780477
-0.67625,2.661226098,1.76862767,0.001780477
-0.676,2.661226098,1.77229476,0.001784169
-0.67575,2.661226098,1.775961849,0.001787861
-0.6755,2.661226098,1.775961849,0.001787861
-0.67525,2.661226098,1.779628938,0.001791552
-0.675,2.661226098,1.783296028,0.001795244
-0.67475,2.661226098,1.786963117,0.001798936
-0.6745,2.661226098,1.786963117,0.001798936
-0.67425,2.661226098,1.790630206,0.001802627
-0.674,2.661226098,1.790630206,0.001802627
-0.67375,2.661226098,1.794297296,0.001806319
-0.6735,2.661226098,1.797964385,0.001810011
-0.67325,2.661226098,1.801631474,0.001813702
-0.673,2.661226098,1.805298564,0.001817394
-0.67275,2.661226098,1.805298564,0.001817394
-0.6725,2.661226098,1.808965653,0.001821086
-0.67225,2.661226098,1.812632742,0.001824777
-0.672,2.661226098,1.812632742,0.001824777
-0.67175,2.661226098,1.816299832,0.001828469
-0.6715,2.661226098,1.819966921,0.001832161
-0.67125,2.661226098,1.819966921,0.001832161
-0.671,2.661226098,1.82363401,0.001835852
-0.67075,2.664877079,1.8273011,0.001839544
-0.6705,2.661226098,1.8273011,0.001839544
-0.67025,2.661226098,1.830968189,0.001843236
-0.67,2.664877079,1.834635278,0.001846927
-0.66975,2.661226098,1.834635278,0.001846927
-0.6695,2.661226098,1.838302368,0.001850619
-0.66925,2.664877079,1.838302368,0.001850619
-0.669,2.661226098,1.841969457,0.001854311
-0.66875,2.664877079,1.841969457,0.001854311
-0.6685,2.664877079,1.845636546,0.001858002
-0.66825,2.664877079,1.845636546,0.001858002
-0.668,2.664877079,1.849303636,0.001861694
-0.66775,2.664877079,1.852970725,0.001865386
-0.6675,2.664877079,1.856637814,0.001869077
-0.66725,2.664877079,1.856637814,0.001869077
-0.667,2.661226098,1.860304903,0.001872769
-0.66675,2.664877079,1.863971993,0.001876461
-0.6665,2.664877079,1.867639082,0.001880152
-0.66625,2.664877079,1.867639082,0.001880152
-0.666,2.664877079,1.867639082,0.001880152
-0.66575,2.664877079,1.871306171,0.001883844
-0.6655,2.664877079,1.874973261,0.001887536
-0.66525,2.664877079,1.87864035,0.001891227
-0.665,2.664877079,1.87864035,0.001891227
-0.66475,2.664877079,1.882307439,0.001894919
-0.6645,2.664877079,1.885974529,0.001898611
-0.66425,2.664877079,1.889641618,0.001902302
-0.664,2.664877079,1.889641618,0.001902302
-0.66375,2.664877079,1.893308707,0.001905994
-0.6635,2.664877079,1.893308707,0.001905994
-0.66325,2.664877079,1.896975797,0.001909686
-0.663,2.664877079,1.900642886,0.001913377
-0.66275,2.664877079,1.900642886,0.001913377
-0.6625,2.664877079,1.904309975,0.001917069
-0.66225,2.664877079,1.907977065,0.001920761
-0.662,2.664877079,1.907977065,0.001920761
-0.66175,2.664877079,1.911644154,0.001924452
-0.6615,2.664877079,1.911644154,0.001924452
-0.66125,2.664877079,1.915311243,0.001928144
-0.661,2.664877079,1.918978333,0.001931835
-0.66075,2.668528061,1.922645422,0.001935527
-0.6605,2.664877079,1.922645422,0.001935527
-0.66025,2.664877079,1.926312511,0.001939219
-0.66,2.664877079,1.929979601,0.00194291
-0.65975,2.668528061,1.929979601,0.00194291
-0.6595,2.668528061,1.93364669,0.001946602
-0.65925,2.664877079,1.937313779,0.001950294
-0.659,2.664877079,1.937313779,0.001950294
-0.65875,2.668528061,1.940980869,0.001953985
-0.6585,2.668528061,1.944647958,0.001957677
-0.65825,2.668528061,1.948315047,0.001961369
-0.658,2.668528061,1.948315047,0.001961369
-0.65775,2.664877079,1.951982137,0.00196506
-0.6575,2.668528061,1.955649226,0.001968752
-0.65725,2.668528061,1.955649226,0.001968752
-0.657,2.664877079,1.955649226,0.001968752
-0.65675,2.668528061,1.959316315,0.001972444
-0.6565,2.668528061,1.962983405,0.001976135
-0.65625,2.668528061,1.966650494,0.001979827
-0.656,2.668528061,1.966650494,0.001979827
-0.65575,2.668528061,1.970317583,0.001983519
-0.6555,2.668528061,1.970317583,0.001983519
-0.65525,2.668528061,1.973984673,0.00198721
-0.655,2.668528061,1.977651762,0.001990902
-0.65475,2.668528061,1.981318851,0.001994594
-0.6545,2.668528061,1.981318851,0.001994594
-0.65425,2.668528061,1.984985941,0.001998285
-0.654,2.668528061,1.98865303,0.002001977
-0.65375,2.668528061,1.98865303,0.002001977
-0.6535,2.668528061,1.992320119,0.002005669
-0.65325,2.668528061,1.995987209,0.00200936
-0.653,2.668528061,1.995987209,0.00200936
-0.65275,2.668528061,1.999654298,0.002013052
-0.6525,2.668528061,1.999654298,0.002013052
-0.65225,2.668528061,2.003321387,0.002016744
-0.652,2.668528061,2.006988476,0.002020435
-0.65175,2.668528061,2.006988476,0.002020435
-0.6515,2.668528061,2.010655566,0.002024127
-0.65125,2.668528061,2.014322655,0.002027819
-0.651,2.668528061,2.014322655,0.002027819
-0.65075,2.668528061,2.017989744,0.00203151
-0.6505,2.668528061,2.021656834,0.002035202
-0.65025,2.668528061,2.021656834,0.002035202
-0.65,2.668528061,2.025323923,0.002038894
-0.64975,2.668528061,2.028991012,0.002042585
-0.6495,2.668528061,2.032658102,0.002046277
-0.64925,2.672179042,2.032658102,0.002046277
-0.649,2.672179042,2.036325191,0.002049969
-0.64875,2.668528061,2.036325191,0.002049969
-0.6485,2.672179042,2.03999228,0.00205366
-0.64825,2.668528061,2.04365937,0.002057352
-0.648,2.672179042,2.04365937,0.002057352
-0.64775,2.672179042,2.047326459,0.002061044
-0.6475,2.668528061,2.050993548,0.002064735
-0.64725,2.672179042,2.054660638,0.002068427
-0.647,2.672179042,2.054660638,0.002068427
-0.64675,2.672179042,2.058327727,0.002072119
-0.6465,2.672179042,2.058327727,0.002072119
-0.64625,2.672179042,2.061994816,0.00207581
-0.646,2.672179042,2.065661906,0.002079502
-0.64575,2.672179042,2.065661906,0.002079502
-0.6455,2.672179042,2.069328995,0.002083193
-0.64525,2.672179042,2.069328995,0.002083193
-0.645,2.672179042,2.072996084,0.002086885
-0.64475,2.672179042,2.076663174,0.002090577
-0.6445,2.672179042,2.076663174,0.002090577
-0.64425,2.672179042,2.080330263,0.002094268
-0.644,2.672179042,2.080330263,0.002094268
-0.64375,2.672179042,2.083997352,0.00209796
-0.6435,2.672179042,2.087664442,0.002101652
-0.64325,2.672179042,2.087664442,0.002101652
-0.643,2.672179042,2.091331531,0.002105343
-0.64275,2.672179042,2.091331531,0.002105343
-0.6425,2.672179042,2.09499862,0.002109035
-0.64225,2.672179042,2.09499862,0.002109035
-0.642,2.672179042,2.09866571,0.002112727
-0.64175,2.672179042,2.09866571,0.002112727
-0.6415,2.672179042,2.102332799,0.002116418
-0.64125,2.672179042,2.105999888,0.00212011
-0.641,2.672179042,2.109666978,0.002123802
-0.64075,2.672179042,2.109666978,0.002123802
-0.6405,2.675830024,2.113334067,0.002127493
-0.64025,2.672179042,2.117001156,0.002131185
-0.64,2.675830024,2.117001156,0.002131185
-0.63975,2.675830024,2.120668246,0.002134877
-0.6395,2.672179042,2.124335335,0.002138568
-0.63925,2.672179042,2.124335335,0.002138568
-0.639,2.672179042,2.128002424,0.00214226
-0.63875,2.675830024,2.131669514,0.002145952
-0.6385,2.672179042,2.131669514,0.002145952
-0.63825,2.675830024,2.131669514,0.002145952
-0.638,2.672179042,2.135336603,0.002149643
-0.63775,2.675830024,2.139003692,0.002153335
-0.6375,2.675830024,2.142670781,0.002157027
-0.63725,2.672179042,2.146337871,0.002160718
-0.637,2.675830024,2.146337871,0.002160718
-0.63675,2.675830024,2.15000496,0.00216441
-0.6365,2.675830024,2.15000496,0.00216441
-0.63625,2.675830024,2.153672049,0.002168102
-0.636,2.675830024,2.157339139,0.002171793
-0.63575,2.672179042,2.157339139,0.002171793
-0.6355,2.675830024,2.161006228,0.002175485
-0.63525,2.675830024,2.164673317,0.002179177
-0.635,2.675830024,2.168340407,0.002182868
-0.63475,2.675830024,2.168340407,0.002182868
-0.6345,2.675830024,2.172007496,0.00218656
-0.63425,2.675830024,2.175674585,0.002190252
-0.634,2.675830024,2.175674585,0.002190252
-0.63375,2.675830024,2.179341675,0.002193943
-0.6335,2.675830024,2.179341675,0.002193943
-0.63325,2.675830024,2.183008764,0.002197635
-0.633,2.675830024,2.186675853,0.002201327
-0.63275,2.675830024,2.190342943,0.002205018
-0.6325,2.675830024,2.190342943,0.002205018
-0.63225,2.675830024,2.194010032,0.00220871
-0.632,2.675830024,2.197677121,0.002212402
-0.63175,2.679481006,2.201344211,0.002216093
-0.6315,2.675830024,2.201344211,0.002216093
-0.63125,2.675830024,2.2050113,0.002219785
-0.631,2.675830024,2.208678389,0.002223477
-0.63075,2.675830024,2.212345479,0.002227168
-0.6305,2.675830024,2.212345479,0.002227168
-0.63025,2.675830024,2.212345479,0.002227168
-0.63,2.675830024,2.216012568,0.00223086
-0.62975,2.675830024,2.219679657,0.002234552
-0.6295,2.675830024,2.219679657,0.002234552
-0.62925,2.679481006,2.223346747,0.002238243
-0.629,2.675830024,2.227013836,0.002241935
-0.62875,2.675830024,2.230680925,0.002245626
-0.6285,2.675830024,2.230680925,0.002245626
-0.62825,2.675830024,2.234348015,0.002249318
-0.628,2.675830024,2.238015104,0.00225301
-0.62775,2.679481006,2.238015104,0.00225301
-0.6275,2.675830024,2.241682193,0.002256701
-0.62725,2.679481006,2.245349283,0.002260393
-0.627,2.679481006,2.245349283,0.002260393
-0.62675,2.675830024,2.249016372,0.002264085
-0.6265,2.675830024,2.252683461,0.002267776
-0.62625,2.675830024,2.252683461,0.002267776
-0.626,2.679481006,2.256350551,0.002271468
-0.62575,2.675830024,2.26001764,0.00227516
-0.6255,2.675830024,2.26001764,0.00227516
-0.62525,2.679481006,2.263684729,0.002278851
